,A_X,A_Y,A_Z,B_X,B_Y,B_Z,C_X,C_Y,C_Z,time
0,1231.04,-947.861,500.0,1472.08,119.874,900.0,1254.035038879368,-583.5229134428223,858.1496495011525,2.896
1,1231.04,-947.861,500.0,1472.08,119.874,900.0,1329.088517531142,-187.92687779374393,860.9783126655043,2.728
2,1231.04,-947.861,500.0,1472.08,119.874,900.0,1281.8605936477045,-498.84927359028984,885.2714777232485,2.864
3,1231.04,-947.861,500.0,1472.08,119.874,900.0,1372.4009213248326,-771.2815182480526,893.0156931008039,3.196
4,1231.04,-947.861,500.0,1472.08,119.874,900.0,1326.4873295505124,0.9203350473911769,840.9929397674507,2.856
5,1231.04,-947.861,500.0,1472.08,119.874,900.0,1436.8289762460854,-230.1936881287099,884.8345465159387,2.72
6,1231.04,-947.861,500.0,1472.08,119.874,900.0,1262.9790923745338,-116.72260648425231,836.1376572420822,2.848
7,1231.04,-947.861,500.0,1472.08,119.874,900.0,1397.591186379204,-135.3557520479098,858.5078552807009,2.66
8,1231.04,-947.861,500.0,1472.08,119.874,900.0,1373.093937040882,-307.38465296907145,864.0776239502193,2.708
9,1231.04,-947.861,500.0,1472.08,119.874,900.0,1414.6845925512762,-408.46223125831926,884.2040379380339,2.78
10,1231.04,-947.861,500.0,1472.08,119.874,900.0,1396.7161847741204,-428.1522283416527,868.9696648863041,2.768
11,1231.04,-947.861,500.0,1472.08,119.874,900.0,1407.990989506904,-317.77612245544634,898.6742384062151,2.768
12,1231.04,-947.861,500.0,1472.08,119.874,900.0,1446.5032407065032,-513.3133139191256,825.5017632301683,2.768
13,1231.04,-947.861,500.0,1472.08,119.874,900.0,1438.6715884034477,-429.34099045472993,837.9386768008184,2.728
14,1231.04,-947.861,500.0,1472.08,119.874,900.0,1317.8288629601145,-313.8339857463995,891.3528959826892,2.792
15,1231.04,-947.861,500.0,1472.08,119.874,900.0,1321.1634372161254,-225.44540282081624,796.977987856507,2.66
16,1231.04,-947.861,500.0,1472.08,119.874,900.0,1413.6850672302542,-211.23394911355456,839.898328998813,2.644
17,1231.04,-947.861,500.0,1472.08,119.874,900.0,1272.4416818167597,-509.93984181248516,671.657175374226,2.628
18,1231.04,-947.861,500.0,1472.08,119.874,900.0,1323.065767394444,-417.19617035834125,889.8732040895211,2.82
19,1231.04,-947.861,500.0,1472.08,119.874,900.0,1425.0441252357246,-224.1930057632156,898.4529451703297,2.736
20,1231.04,-947.861,500.0,1472.08,119.874,900.0,1442.7947596186464,-81.50590474639068,869.0776372988008,2.652
21,1231.04,-947.861,500.0,1472.08,119.874,900.0,1325.9975762023305,-192.620650178293,872.76391065968,2.748
22,1231.04,-947.861,500.0,1472.08,119.874,900.0,1440.3689371048763,-99.5203728305384,859.0648445901677,2.64
23,1231.04,-947.861,500.0,1472.08,119.874,900.0,1330.6581453844924,-269.787387565059,885.4600244451309,2.76
24,1231.04,-947.861,500.0,1472.08,119.874,900.0,1232.2664337030453,36.68521650236039,695.9681466918098,3.16
25,1231.04,-947.861,500.0,1472.08,119.874,900.0,1403.6667663106807,-448.5893907633968,815.679440942974,2.7
26,1231.04,-947.861,500.0,1472.08,119.874,900.0,1284.4854029636658,-242.23726382788024,886.2042036688692,2.82
27,1231.04,-947.861,500.0,1472.08,119.874,900.0,1238.440908958288,-613.7727625920209,885.8375660006476,3.012
28,1231.04,-947.861,500.0,1472.08,119.874,900.0,1251.040038879944,-596.9070489613421,845.3680347405982,2.892
29,1231.04,-947.861,500.0,1472.08,119.874,900.0,1333.3177493959286,-258.78265730021707,839.088670685257,2.688
30,1231.04,-947.861,500.0,1472.08,119.874,900.0,1296.558477524401,-422.9246993326486,854.0221349927292,2.78
31,1231.04,-947.861,500.0,1472.08,119.874,900.0,1386.2110896883269,-292.9793853690248,895.9514454175705,2.76
32,1231.04,-947.861,500.0,1472.08,119.874,900.0,1387.390117281985,-506.27902339572,830.5186825134631,2.752
33,1231.04,-947.861,500.0,1472.08,119.874,900.0,1329.4881268539611,-435.3773718670974,778.1599189469752,2.668
34,1231.04,-947.861,500.0,1472.08,119.874,900.0,1245.7576756584438,-105.06015337494472,861.3914489620819,2.948
35,1231.04,-947.861,500.0,1472.08,119.874,900.0,1397.845725165786,-657.918474255442,868.312949941206,2.952
36,1231.04,-947.861,500.0,1472.08,119.874,900.0,1382.5159423969935,23.53886794450358,799.1140114413217,2.716
37,1231.04,-947.861,500.0,1472.08,119.874,900.0,1416.2420492282702,-209.39556479393315,882.6620801201215,2.704
38,1231.04,-947.861,500.0,1472.08,119.874,900.0,1399.9179575449782,-201.29660518496124,765.8024335082076,2.628
39,1231.04,-947.861,500.0,1472.08,119.874,900.0,1307.7114155240045,-810.9837361431405,868.2242391022568,3.244
40,1231.04,-947.861,500.0,1472.08,119.874,900.0,1374.4878884939546,-373.0895105857935,803.1999596238887,2.652
41,1231.04,-947.861,500.0,1472.08,119.874,900.0,1404.335210827703,-638.4796197568702,866.1343634171214,2.928
42,1231.04,-947.861,500.0,1472.08,119.874,900.0,1289.3195172239216,-115.85879256626652,788.1178144400802,2.72
43,1231.04,-947.861,500.0,1472.08,119.874,900.0,1364.2380971031037,-517.8827979573346,872.912191014301,2.82
44,1231.04,-947.861,500.0,1472.08,119.874,900.0,1259.9585305620053,-473.11259104434475,828.39711724585,2.788
45,1231.04,-947.861,500.0,1472.08,119.874,900.0,1347.7651213079432,-662.5106755372983,813.337911864391,2.844
46,1231.04,-947.861,500.0,1472.08,119.874,900.0,1443.516488148556,-555.1004932830843,899.1714437421483,2.912
47,1231.04,-947.861,500.0,1472.08,119.874,900.0,1315.3692274128782,-361.57537397332106,890.8797001283747,2.804
48,1231.04,-947.861,500.0,1472.08,119.874,900.0,1337.5381598087295,-464.59218429902023,796.2895389140974,2.696
49,1231.04,-947.861,500.0,1472.08,119.874,900.0,1466.678748625577,-282.0876101159605,888.0277339839429,2.748
50,1231.04,-947.861,500.0,1472.08,119.874,900.0,1290.3481572655974,-764.1434467409988,850.21201550406,3.096
51,1231.04,-947.861,500.0,1472.08,119.874,900.0,1308.9816606678678,-247.44967514439313,894.4918286099921,2.8
52,1231.04,-947.861,500.0,1472.08,119.874,900.0,1311.112261685614,-486.4800273391815,771.7341696574889,2.684
53,1231.04,-947.861,500.0,1472.08,119.874,900.0,1301.2514556036413,-271.1728200462311,889.5183242079866,2.8
54,1231.04,-947.861,500.0,1472.08,119.874,900.0,1294.7025426536095,-467.62437428980286,821.9787706661855,2.744
55,1231.04,-947.861,500.0,1472.08,119.874,900.0,1374.7811465765237,-156.08641935079277,899.3159163935404,2.744
56,1231.04,-947.861,500.0,1472.08,119.874,900.0,1423.1663747318844,-91.36947446968259,898.5469022068988,2.712
57,1231.04,-947.861,500.0,1472.08,119.874,900.0,1424.7031194142985,-285.2947535891068,874.700333234434,2.72
58,1231.04,-947.861,500.0,1472.08,119.874,900.0,1351.347052772434,-29.962620846493166,889.5884619213141,2.84
59,1231.04,-947.861,500.0,1472.08,119.874,900.0,1244.0136930755239,-633.9391933071853,842.8934423102327,2.932
60,1231.04,-947.861,500.0,1472.08,119.874,900.0,1284.4117077364622,-193.3221208644973,800.2980963316818,2.704
61,1231.04,-947.861,500.0,1472.08,119.874,900.0,1420.3859264555629,-80.13970115316408,888.9429412908352,2.684
62,1231.04,-947.861,500.0,1472.08,119.874,900.0,1333.2686358860055,-532.8276509570799,791.155796583131,2.72
63,1231.04,-947.861,500.0,1472.08,119.874,900.0,1318.5229284511588,-154.09021741190543,890.9205482292286,2.8
64,1231.04,-947.861,500.0,1472.08,119.874,900.0,1417.6682194287118,-514.5925849738529,845.2007199558377,2.784
65,1231.04,-947.861,500.0,1472.08,119.874,900.0,1418.7062533523228,-533.4337346026264,892.0624481674262,2.876
66,1231.04,-947.861,500.0,1472.08,119.874,900.0,1338.6597910588168,6.017493819205754,849.6339385955453,2.848
67,1231.04,-947.861,500.0,1472.08,119.874,900.0,1284.408814021497,51.30356258314919,831.5450248442448,3.168
68,1231.04,-947.861,500.0,1472.08,119.874,900.0,1323.420541502665,-931.181769171784,863.7330587013678,3.66
69,1231.04,-947.861,500.0,1472.08,119.874,900.0,1334.4850616787019,-583.095966551425,842.1461430917118,2.82
70,1231.04,-947.861,500.0,1472.08,119.874,900.0,1420.65279091811,-899.208774777796,873.0133138697697,3.552
71,1231.04,-947.861,500.0,1472.08,119.874,900.0,1342.8251489932518,-618.2746068256359,888.4200888480434,2.948
72,1231.04,-947.861,500.0,1472.08,119.874,900.0,1302.426687479685,-519.2085451573978,899.8959700739041,2.9
73,1231.04,-947.861,500.0,1472.08,119.874,900.0,1297.5062362304307,-18.648759905380928,849.3294887069285,2.928
74,1231.04,-947.861,500.0,1472.08,119.874,900.0,1408.114587076839,-795.1591368780456,861.0779013868532,3.192
75,1231.04,-947.861,500.0,1472.08,119.874,900.0,1368.161740677075,-107.86952904090924,876.0873967789117,2.716
76,1231.04,-947.861,500.0,1472.08,119.874,900.0,1404.6173176276814,-861.818872970033,899.1121077554644,3.468
77,1231.04,-947.861,500.0,1472.08,119.874,900.0,1344.628570369549,-647.2055343277541,757.2772242381252,2.74
78,1231.04,-947.861,500.0,1472.08,119.874,900.0,1379.9472407109429,-423.9979130060298,844.6269355198966,2.728
79,1231.04,-947.861,500.0,1472.08,119.874,900.0,1419.6771663848265,-644.5804616731,833.1613417823323,2.88
80,1231.04,-947.861,500.0,1472.08,119.874,900.0,1384.5963835239274,-109.53403409348499,838.5773584568472,2.644
81,1231.04,-947.861,500.0,1472.08,119.874,900.0,1334.4384671723528,-466.3796226288881,845.9821494398523,2.764
82,1231.04,-947.861,500.0,1472.08,119.874,900.0,1341.4230654920311,-593.6937942555788,843.7766798139337,3.919
83,1231.04,-947.861,500.0,1472.08,119.874,900.0,1367.932941944842,-427.82310350296467,762.4782144156112,2.643
84,1231.04,-947.861,500.0,1472.08,119.874,900.0,1384.9263826053023,-334.67697165212644,883.2381653074336,0.0
85,1231.04,-947.861,500.0,1472.08,119.874,900.0,1379.1029660298507,-533.5273236319758,859.5729505448357,2.811
86,1231.04,-947.861,500.0,1472.08,119.874,900.0,1391.953774187188,-665.2154289168777,869.6620257921966,3.723
87,1231.04,-947.861,500.0,1472.08,119.874,900.0,1268.6065203447254,-301.6694661534891,881.743491961516,3.575
88,1231.04,-947.861,500.0,1472.08,119.874,900.0,1395.9513636167362,-208.36687721394316,852.7422507119778,2.664
89,1231.04,-947.861,500.0,1472.08,119.874,900.0,1357.4986134294954,-638.0642669566168,868.8101634417346,2.932
90,1231.04,-947.861,500.0,1472.08,119.874,900.0,1421.9527467710102,-847.116911210599,810.981811429897,3.24
91,1231.04,-947.861,500.0,1472.08,119.874,900.0,1310.9123215702887,-725.1075748642257,830.9416377956494,2.98
92,1231.04,-947.861,500.0,1472.08,119.874,900.0,1257.0407730451366,-212.44178142533912,872.6923703099918,2.856
93,1231.04,-947.861,500.0,1472.08,119.874,900.0,1336.2742325822849,-453.6037300210101,898.6711469429207,2.844
94,1231.04,-947.861,500.0,1472.08,119.874,900.0,1372.6740993718558,-314.86453867421545,897.9084422579276,2.78
95,1231.04,-947.861,500.0,1472.08,119.874,900.0,1328.5735688753505,-630.9592193131143,750.8292079999871,2.72
96,1231.04,-947.861,500.0,1472.08,119.874,900.0,1423.0602632116331,-274.6635861744066,881.6469659429938,2.728
97,1231.04,-947.861,500.0,1472.08,119.874,900.0,1304.0219780939294,-39.815640489773784,845.2656190766431,2.728
98,1231.04,-947.861,500.0,1472.08,119.874,900.0,1316.9729973615183,-240.10812326000556,872.0540883697519,2.752
99,1231.04,-947.861,500.0,1472.08,119.874,900.0,1366.5321381814508,-180.61772839256494,897.2604218979137,2.756
100,1231.04,-947.861,500.0,1472.08,119.874,900.0,1460.0727131887365,-261.0562050023423,857.7373540924962,2.7
101,1231.04,-947.861,500.0,1472.08,119.874,900.0,1320.6902828190123,-208.83174553525498,769.4061756512037,2.636
102,1231.04,-947.861,500.0,1472.08,119.874,900.0,1371.0688114359223,-478.6627499669553,725.6879684369248,2.64
103,1231.04,-947.861,500.0,1472.08,119.874,900.0,1370.2349964391497,-388.6996018643329,778.1879758531461,2.644
104,1231.04,-947.861,500.0,1472.08,119.874,900.0,1279.5382714706438,-292.4665305297066,898.470010932129,2.844
105,1231.04,-947.861,500.0,1472.08,119.874,900.0,1317.8315512526542,-93.91486590217676,765.9191731874315,2.676
106,1231.04,-947.861,500.0,1472.08,119.874,900.0,1404.9494444681236,-254.23462331639692,840.7567885037653,2.664
107,1231.04,-947.861,500.0,1472.08,119.874,900.0,1405.7999947859005,-827.957168966926,739.5208739909349,3.032
108,1231.04,-947.861,500.0,1472.08,119.874,900.0,1420.826253647812,83.97000832546621,785.8348168016894,2.964
109,1231.04,-947.861,500.0,1472.08,119.874,900.0,1384.4977274343119,-127.04187505099804,873.7349725084052,2.692
110,1231.04,-947.861,500.0,1472.08,119.874,900.0,1359.8110023178383,25.969635509959232,855.5840978521995,2.832
111,1231.04,-947.861,500.0,1472.08,119.874,900.0,1386.1747702636542,-591.8819961204076,824.0920919676014,2.804
112,1231.04,-947.861,500.0,1472.08,119.874,900.0,1298.3505163758034,4.739532877166539,860.4156339032863,3.008
113,1231.04,-947.861,500.0,1472.08,119.874,900.0,1287.1687874297977,-479.0785386429208,868.1924295331387,2.828
114,1231.04,-947.861,500.0,1472.08,119.874,900.0,1328.6830955993476,-514.4623213134502,892.3080053441195,2.868
115,1231.04,-947.861,500.0,1472.08,119.874,900.0,1423.0725312510451,-262.7383167110373,843.3358050843152,2.668
116,1231.04,-947.861,500.0,1472.08,119.874,900.0,1347.7767630469973,-852.3386613238517,793.0744050113651,3.192
117,1231.04,-947.861,500.0,1472.08,119.874,900.0,1350.84693028444,-848.9019892673602,889.6207821321078,3.388
118,1231.04,-947.861,500.0,1472.08,119.874,900.0,1351.9312588332152,-735.1362062591745,899.1096941649382,3.132
119,1231.04,-947.861,500.0,1472.08,119.874,900.0,1400.926834622534,-336.6318921903765,878.7763911696165,2.748
120,1231.04,-947.861,500.0,1472.08,119.874,900.0,1417.2285859328601,-360.6112060648033,732.1125386334401,2.64
121,1231.04,-947.861,500.0,1472.08,119.874,900.0,1311.8510547193323,-718.9900426839048,886.0106019663878,3.08
122,1231.04,-947.861,500.0,1472.08,119.874,900.0,1291.2481927668264,-420.50172900112193,820.0357534908018,2.736
123,1231.04,-947.861,500.0,1472.08,119.874,900.0,1346.3068168438583,-326.22599384276884,789.546340676706,2.64
124,1231.04,-947.861,500.0,1472.08,119.874,900.0,1288.4115188930843,-438.84809259655543,812.7479072896039,2.732
125,1231.04,-947.861,500.0,1472.08,119.874,900.0,1445.006429742699,-482.2083784052628,889.8592505433772,2.84
126,1231.04,-947.861,500.0,1472.08,119.874,900.0,1338.3441909490018,-319.4179849456863,888.1237502314316,2.776
127,1231.04,-947.861,500.0,1472.08,119.874,900.0,1334.5608253096466,-616.0896669204576,832.324661548663,2.84
128,1231.04,-947.861,500.0,1472.08,119.874,900.0,1420.7272832141766,-379.8749960212823,797.190135601646,2.664
129,1231.04,-947.861,500.0,1472.08,119.874,900.0,1387.8718021761395,-128.8516918200217,847.903485989757,2.648
130,1231.04,-947.861,500.0,1472.08,119.874,900.0,1272.3244493217912,-447.63463822570674,887.6373153883123,2.856
131,1231.04,-947.861,500.0,1472.08,119.874,900.0,1274.0343291734132,-469.4625968338721,768.4610773791267,2.7
132,1231.04,-947.861,500.0,1472.08,119.874,900.0,1297.3210137211936,-428.89669559538225,733.6317822770268,2.644
133,1231.04,-947.861,500.0,1472.08,119.874,900.0,1317.1761626405278,-549.3138869461338,824.7653889780285,2.788
134,1231.04,-947.861,500.0,1472.08,119.874,900.0,1429.2058328491266,-367.9578238161298,878.7020796452632,2.748
135,1231.04,-947.861,500.0,1472.08,119.874,900.0,1231.0503499310412,-813.0577578226921,859.8952591157628,3.32
136,1231.04,-947.861,500.0,1472.08,119.874,900.0,1300.1422908166028,-644.1718831298385,821.7256228066746,2.86
137,1231.04,-947.861,500.0,1472.08,119.874,900.0,1333.043601836579,-574.7633070144186,898.1404004038027,2.928
138,1231.04,-947.861,500.0,1472.08,119.874,900.0,1373.6546394580444,-208.1923184140965,791.1759106340323,2.62
139,1231.04,-947.861,500.0,1472.08,119.874,900.0,1374.6751193856853,-809.9065280752704,894.1238334117128,3.288
140,1231.04,-947.861,500.0,1472.08,119.874,900.0,1296.456075358914,-510.3759232611791,824.2491743352624,2.772
141,1231.04,-947.861,500.0,1472.08,119.874,900.0,1397.513446994014,-89.55332252804322,806.7472561314041,2.62
142,1231.04,-947.861,500.0,1472.08,119.874,900.0,1288.5031991099447,-817.2453789551348,806.3649246465384,3.132
143,1231.04,-947.861,500.0,1472.08,119.874,900.0,1305.1665860792618,-527.8943731738823,857.8613088661639,2.828
144,1231.04,-947.861,500.0,1472.08,119.874,900.0,1360.009843858992,-505.36250611332997,824.5334284641342,2.744
145,1231.04,-947.861,500.0,1472.08,119.874,900.0,1352.6542615486792,-668.2614372813133,786.3560686546633,2.808
146,1231.04,-947.861,500.0,1472.08,119.874,900.0,1401.7292980788723,-383.31289291478976,873.756437451104,2.756
147,1231.04,-947.861,500.0,1472.08,119.874,900.0,1411.2302486014185,-220.631381504866,863.4767819437568,2.684
148,1231.04,-947.861,500.0,1472.08,119.874,900.0,1326.6320044148058,-685.9795037027333,743.7781382454281,2.76
149,1231.04,-947.861,500.0,1472.08,119.874,900.0,1281.875413691556,-469.6196343592953,860.6585526252195,2.816
150,1231.04,-947.861,500.0,1472.08,119.874,900.0,1270.8719791638928,-417.3470544101691,851.3628426357104,2.792
151,1231.04,-947.861,500.0,1472.08,119.874,900.0,1354.5859628435053,-542.28045610674,785.4864197047784,2.712
152,1231.04,-947.861,500.0,1472.08,119.874,900.0,1320.6718662700102,-503.87322003557045,836.8735111166923,2.78
153,1231.04,-947.861,500.0,1472.08,119.874,900.0,1358.1905512971969,-755.6437546713498,879.3292204499348,3.132
154,1231.04,-947.861,500.0,1472.08,119.874,900.0,1334.1430868000234,-622.7580979372566,898.5402769894681,2.972
155,1231.04,-947.861,500.0,1472.08,119.874,900.0,1385.2064043814366,-72.45181965458971,839.1466736802415,2.644
156,1231.04,-947.861,500.0,1472.08,119.874,900.0,1441.5897076002468,-635.955142568628,888.5374634668879,2.976
157,1231.04,-947.861,500.0,1472.08,119.874,900.0,1420.3569121271685,-607.940338398093,841.4938670023962,2.856
158,1231.04,-947.861,500.0,1472.08,119.874,900.0,1250.1089684284004,-379.7181271135359,853.0746311191185,2.808
159,1231.04,-947.861,500.0,1472.08,119.874,900.0,1373.579664202985,-618.4923677581005,873.669046246905,2.912
160,1231.04,-947.861,500.0,1472.08,119.874,900.0,1253.3046764637838,-515.7801032015914,793.2835129723891,2.764
161,1231.04,-947.861,500.0,1472.08,119.874,900.0,1326.3875624249704,-544.7399562227109,848.8506238577605,2.82
162,1231.04,-947.861,500.0,1472.08,119.874,900.0,1284.5711360592259,-574.1887934615072,863.7113023933932,2.884
163,1231.04,-947.861,500.0,1472.08,119.874,900.0,1389.8559913434224,-467.15060946803345,818.2726296269971,2.712
164,1231.04,-947.861,500.0,1472.08,119.874,900.0,1376.5627255179268,-482.4203635631763,833.8653434225419,2.744
165,1231.04,-947.861,500.0,1472.08,119.874,900.0,1321.0396650678113,-453.6577142762379,895.4083417327518,2.844
166,1231.04,-947.861,500.0,1472.08,119.874,900.0,1351.9712728497154,-320.3843969119883,864.7018360466529,2.732
167,1231.04,-947.861,500.0,1472.08,119.874,900.0,1345.8868089637751,-269.2714393538836,877.2965580211165,2.744
168,1231.04,-947.861,500.0,1472.08,119.874,900.0,1372.7392404802026,-578.2142139943646,898.6073602813543,2.924
169,1231.04,-947.861,500.0,1472.08,119.874,900.0,1359.158034388015,-455.03377167799437,844.6380690534711,2.74
170,1231.04,-947.861,500.0,1472.08,119.874,900.0,1300.8112050743312,-344.3072436210301,821.0317204631428,2.712
171,1231.04,-947.861,500.0,1472.08,119.874,900.0,1310.6084060431756,-102.47388329403611,858.5126917593318,2.784
172,1231.04,-947.861,500.0,1472.08,119.874,900.0,1250.5325577011472,-634.5364605446428,809.7824037442192,2.864
173,1231.04,-947.861,500.0,1472.08,119.874,900.0,1310.371951011845,-292.90564178088096,894.005958569732,2.8
174,1231.04,-947.861,500.0,1472.08,119.874,900.0,1447.9636025639586,-281.7335292207299,868.566605005574,2.708
175,1231.04,-947.861,500.0,1472.08,119.874,900.0,1305.5260861169895,-609.7996906012503,877.6764419260643,2.932
176,1231.04,-947.861,500.0,1472.08,119.874,900.0,1373.416203674572,-97.9413821458898,769.8634042764376,2.632
177,1231.04,-947.861,500.0,1472.08,119.874,900.0,1400.12807252718,-271.06584997860074,817.6487881618499,2.648
178,1231.04,-947.861,500.0,1472.08,119.874,900.0,1318.4092992500746,-71.60728209187783,807.3501481747523,2.712
179,1231.04,-947.861,500.0,1472.08,119.874,900.0,1431.481172715248,-734.3794357190798,848.6001083670329,3.048
180,1231.04,-947.861,500.0,1472.08,119.874,900.0,1330.3652020906256,-557.0868938627464,897.2685289144605,2.904
181,1231.04,-947.861,500.0,1472.08,119.874,900.0,1353.612153507515,-533.2568339226065,822.1673017898735,2.76
182,1231.04,-947.861,500.0,1472.08,119.874,900.0,1458.4625246420842,-398.2906674621206,885.8737972228977,2.792
183,1231.04,-947.861,500.0,1472.08,119.874,900.0,1347.627783132187,-402.6669567258835,895.0095607488083,2.812
184,1231.04,-947.861,500.0,1472.08,119.874,900.0,1305.3505383655756,-617.4571040430274,761.4388184427464,2.732
185,1231.04,-947.861,500.0,1472.08,119.874,900.0,1273.3298998011544,-73.75228571523138,870.2387661264887,2.94
186,1231.04,-947.861,500.0,1472.08,119.874,900.0,1320.201676547458,-216.33068657682273,853.9428370082372,2.72
187,1231.04,-947.861,500.0,1472.08,119.874,900.0,1440.23637730002,29.247739635505354,892.521498914737,2.684
188,1231.04,-947.861,500.0,1472.08,119.874,900.0,1265.5199180477862,-209.2666361589019,871.806828394113,2.84
189,1231.04,-947.861,500.0,1472.08,119.874,900.0,1334.6469306576712,-512.1975345829029,857.6218286386161,2.812
190,1231.04,-947.861,500.0,1472.08,119.874,900.0,1470.8074682244217,-563.5164250447083,821.7948046501182,2.824
191,1231.04,-947.861,500.0,1472.08,119.874,900.0,1339.420334499676,-466.8053284135284,865.3098307213897,2.796
192,1231.04,-947.861,500.0,1472.08,119.874,900.0,1381.6067514821202,-207.02086324007857,791.4283754220131,2.62
193,1231.04,-947.861,500.0,1472.08,119.874,900.0,1358.4783463439448,-155.303400987465,851.7791980664852,2.684
194,1231.04,-947.861,500.0,1472.08,119.874,900.0,1288.5963761063545,-870.5564156011818,863.1205365472854,3.424
195,1231.04,-947.861,500.0,1472.08,119.874,900.0,1398.8216775360802,-76.37060431153759,816.7382544978344,2.62
196,1231.04,-947.861,500.0,1472.08,119.874,900.0,1361.7050763000502,-258.38790713624905,836.1137410176136,2.676
197,1231.04,-947.861,500.0,1472.08,119.874,900.0,1321.9668247695095,-197.18547612252254,890.1414152361324,2.78
198,1231.04,-947.861,500.0,1472.08,119.874,900.0,1417.1659552744811,-677.2950230171336,853.4781924896772,2.96
199,1231.04,-947.861,500.0,1472.08,119.874,900.0,1351.2814161684694,-278.4756267797247,885.2256181779916,2.756
200,1231.04,-947.861,500.0,1472.08,119.874,900.0,1387.9220339484882,-500.14287712001726,782.8185670333629,2.688
201,1231.04,-947.861,500.0,1472.08,119.874,900.0,1400.8471672665064,-376.57173565311297,854.3749986614449,2.724
202,1231.04,-947.861,500.0,1472.08,119.874,900.0,1319.6694678335573,-599.4363181602707,733.2531374660359,2.688
203,1231.04,-947.861,500.0,1472.08,119.874,900.0,1339.7006171044745,-316.36658483340733,825.8467615637428,2.68
204,1231.04,-947.861,500.0,1472.08,119.874,900.0,1326.1500436564518,-825.26692512151,843.0555305379629,3.216
205,1231.04,-947.861,500.0,1472.08,119.874,900.0,1315.2950623984973,-564.5200534454355,863.5793248837412,2.86
206,1231.04,-947.861,500.0,1472.08,119.874,900.0,1303.372369948366,-727.689182550692,896.1302773501504,3.12
207,1231.04,-947.861,500.0,1472.08,119.874,900.0,1372.130376821573,-20.354265138223013,816.8710947867029,2.664
208,1231.04,-947.861,500.0,1472.08,119.874,900.0,1375.2569844773532,-86.60456645538278,788.5970765691578,2.632
209,1231.04,-947.861,500.0,1472.08,119.874,900.0,1286.4045619875183,-249.50812366499645,769.1615017945961,2.664
210,1231.04,-947.861,500.0,1472.08,119.874,900.0,1273.112788420249,-578.9300558756192,887.1991568672036,2.936
211,1231.04,-947.861,500.0,1472.08,119.874,900.0,1294.255799148245,-341.7956408364157,884.5474520116961,2.804
212,1231.04,-947.861,500.0,1472.08,119.874,900.0,1331.366056355828,-267.71113009453217,864.2845034870361,2.728
213,1231.04,-947.861,500.0,1472.08,119.874,900.0,1329.209326477183,-387.8549285563754,839.707186656529,2.724
214,1231.04,-947.861,500.0,1472.08,119.874,900.0,1340.8410641619284,-728.8395581227187,884.8101769209659,3.088
215,1231.04,-947.861,500.0,1472.08,119.874,900.0,1351.0404777016765,-704.0864360779649,721.7731959578251,2.744
216,1231.04,-947.861,500.0,1472.08,119.874,900.0,1294.6080003001766,-85.11215890040864,894.9105832242534,2.92
217,1231.04,-947.861,500.0,1472.08,119.874,900.0,1345.2135614123215,-356.5250709984973,807.8496824260437,2.676
218,1231.04,-947.861,500.0,1472.08,119.874,900.0,1363.699070544274,-709.4138329669765,740.5579214686445,2.784
219,1231.04,-947.861,500.0,1472.08,119.874,900.0,1324.3372137818878,-388.8595983271533,825.2020800100793,2.712
220,1231.04,-947.861,500.0,1472.08,119.874,900.0,1399.5661921186993,-432.55113809258336,877.3887043392187,2.784
221,1231.04,-947.861,500.0,1472.08,119.874,900.0,1336.1601577294505,-182.95232601760534,836.1326692638023,2.684
222,1231.04,-947.861,500.0,1472.08,119.874,900.0,1292.6315605194636,26.039844378416774,820.5913562993176,3.012
223,1231.04,-947.861,500.0,1472.08,119.874,900.0,1335.1891643179827,-839.4527532740452,899.2499762320103,3.388
224,1231.04,-947.861,500.0,1472.08,119.874,900.0,1310.0498230000487,-636.5601344216021,874.5373478609358,2.944
225,1231.04,-947.861,500.0,1472.08,119.874,900.0,1297.5721161122024,-347.6466283740706,839.5562206398204,2.736
226,1231.04,-947.861,500.0,1472.08,119.874,900.0,1373.4230882827933,-398.7136529417648,874.8521216637314,2.756
227,1231.04,-947.861,500.0,1472.08,119.874,900.0,1355.8328631960965,-300.15026079771087,880.9002642601915,2.748
228,1231.04,-947.861,500.0,1472.08,119.874,900.0,1342.7103549571152,-297.7425681832147,798.1541403458667,2.652
229,1231.04,-947.861,500.0,1472.08,119.874,900.0,1266.7457623901353,-642.2501643464592,840.5303011767064,2.916
230,1231.04,-947.861,500.0,1472.08,119.874,900.0,1343.8570481588188,-447.72596069700995,793.2822745445687,2.68
231,1231.04,-947.861,500.0,1472.08,119.874,900.0,1391.364152884535,-899.0864190214966,896.6163823581132,3.592
232,1231.04,-947.861,500.0,1472.08,119.874,900.0,1411.9645758464078,-643.4521725329262,741.9986700236377,2.748
233,1231.04,-947.861,500.0,1472.08,119.874,900.0,1426.125285257101,64.90511632262383,839.0360237119747,2.696
234,1231.04,-947.861,500.0,1472.08,119.874,900.0,1377.7477744255514,-161.60907077134274,815.9536794617966,2.632
235,1231.04,-947.861,500.0,1472.08,119.874,900.0,1302.1922842827075,-121.35133838142599,878.0019452230794,2.828
236,1231.04,-947.861,500.0,1472.08,119.874,900.0,1365.9701559895461,-11.658115269749032,840.6056989385136,2.704
237,1231.04,-947.861,500.0,1472.08,119.874,900.0,1441.0651914675282,-100.7820465755861,850.4775805626523,2.64
238,1231.04,-947.861,500.0,1472.08,119.874,900.0,1372.184006115086,-247.22886999095928,812.9633695691712,2.644
239,1231.04,-947.861,500.0,1472.08,119.874,900.0,1421.6463771967526,-590.5871576438959,823.2915201655835,2.804
240,1231.04,-947.861,500.0,1472.08,119.874,900.0,1296.9628960881087,-306.54211198449923,898.2538164896852,2.82
241,1231.04,-947.861,500.0,1472.08,119.874,900.0,1355.7105740413206,-517.0690920696399,800.6073242286767,2.72
242,1231.04,-947.861,500.0,1472.08,119.874,900.0,1375.1153430793634,-472.332393376406,836.8294622712708,2.74
243,1231.04,-947.861,500.0,1472.08,119.874,900.0,1243.8099986603181,-352.5011163005499,867.2508352776663,2.844
244,1231.04,-947.861,500.0,1472.08,119.874,900.0,1359.2679980941725,-133.27368289902756,735.7737655430708,2.64
245,1231.04,-947.861,500.0,1472.08,119.874,900.0,1363.1052200789043,-510.69014456038497,861.3884386038476,2.8
246,1231.04,-947.861,500.0,1472.08,119.874,900.0,1328.236110804617,-17.927689564875664,886.7702729692339,2.924
247,1231.04,-947.861,500.0,1472.08,119.874,900.0,1338.2410685794493,-540.1928941103116,876.710627280205,2.86
248,1231.04,-947.861,500.0,1472.08,119.874,900.0,1326.9103900711684,-784.8948096012152,897.0416138154826,3.236
249,1231.04,-947.861,500.0,1472.08,119.874,900.0,1390.303261150066,-311.4769421814184,884.1431520921617,2.744
250,1231.04,-947.861,500.0,1472.08,119.874,900.0,1407.6604496791272,-172.342079574891,890.4843236669442,2.712
251,1231.04,-947.861,500.0,1472.08,119.874,900.0,1309.8925518934152,-516.3903608461998,871.6338521194075,2.844
252,1231.04,-947.861,500.0,1472.08,119.874,900.0,1465.4975934373535,-506.6061796441964,889.2007947543568,2.86
253,1231.04,-947.861,500.0,1472.08,119.874,900.0,1365.3571907755156,-726.3667256319661,816.6478042243858,2.944
254,1231.04,-947.861,500.0,1472.08,119.874,900.0,1330.8018571623575,-461.5527054966622,876.1397020935951,2.812
255,1231.04,-947.861,500.0,1472.08,119.874,900.0,1318.742577485603,-240.48969626647906,893.8967449046406,2.788
256,1231.04,-947.861,500.0,1472.08,119.874,900.0,1356.7024605730917,-612.7718905470144,840.0938030715091,2.848
257,1231.04,-947.861,500.0,1472.08,119.874,900.0,1426.5255217674594,-449.78853334440385,897.8482623702382,2.828
258,1231.04,-947.861,500.0,1472.08,119.874,900.0,1305.0017274306679,-143.47284009892098,811.3935252320562,2.704
259,1231.04,-947.861,500.0,1472.08,119.874,900.0,1279.5862954790273,-620.2385378759391,856.0709737111258,2.912
260,1231.04,-947.861,500.0,1472.08,119.874,900.0,1430.2179890765667,-580.9790852486004,806.4334396814938,2.784
261,1231.04,-947.861,500.0,1472.08,119.874,900.0,1334.870356399946,-325.74245273811243,832.8274525024063,2.7
262,1231.04,-947.861,500.0,1472.08,119.874,900.0,1249.3096897851037,-173.42105936104832,858.7843625720797,2.872
263,1231.04,-947.861,500.0,1472.08,119.874,900.0,1306.0727295970364,-435.9987050466174,867.1201484806929,2.796
264,1231.04,-947.861,500.0,1472.08,119.874,900.0,1338.1768878780072,-510.7923590389086,849.251173715226,2.792
265,1231.04,-947.861,500.0,1472.08,119.874,900.0,1409.372911457979,-538.2285583040615,639.5643948564625,2.664
266,1231.04,-947.861,500.0,1472.08,119.874,900.0,1425.1148674543267,-466.9793589580989,848.360925393839,2.76
267,1231.04,-947.861,500.0,1472.08,119.874,900.0,1391.7950761297736,-373.020250126562,815.099579726329,2.672
268,1231.04,-947.861,500.0,1472.08,119.874,900.0,1345.7422949775473,-41.40894164580311,827.7580704189685,2.704
269,1231.04,-947.861,500.0,1472.08,119.874,900.0,1289.3748279347678,1.3419776438624922,838.4074165115148,2.984
270,1231.04,-947.861,500.0,1472.08,119.874,900.0,1302.498414393343,-350.9625278819697,879.9334020342056,2.792
271,1231.04,-947.861,500.0,1472.08,119.874,900.0,1268.7826187734854,-795.3574186421727,883.2120757997179,3.272
272,1231.04,-947.861,500.0,1472.08,119.874,900.0,1361.252699524651,-34.908210182024675,880.9546028632245,2.776
273,1231.04,-947.861,500.0,1472.08,119.874,900.0,1375.7579791651845,-408.23195901410753,772.9882768324817,2.644
274,1231.04,-947.861,500.0,1472.08,119.874,900.0,1312.4505388820542,-718.9764545835492,867.1355443934701,3.04
275,1231.04,-947.861,500.0,1472.08,119.874,900.0,1294.6842032018592,-631.3273999055963,770.3346141984995,2.772
276,1231.04,-947.861,500.0,1472.08,119.874,900.0,1445.180895737582,-423.1611261780606,883.229460593227,2.788
277,1231.04,-947.861,500.0,1472.08,119.874,900.0,1356.073667804999,-751.7269241581696,892.828858805448,3.144
278,1231.04,-947.861,500.0,1472.08,119.874,900.0,1319.5026375078505,-756.0038940643115,837.4356158648014,3.04
279,1231.04,-947.861,500.0,1472.08,119.874,900.0,1374.2644980763823,-582.075773251798,853.7693291470672,2.84
280,1231.04,-947.861,500.0,1472.08,119.874,900.0,1302.527223374655,-936.4629405464896,887.9014304202381,3.756
281,1231.04,-947.861,500.0,1472.08,119.874,900.0,1266.6850634147108,-486.25751412264805,858.9962268695858,2.832
282,1231.04,-947.861,500.0,1472.08,119.874,900.0,1357.8553127952912,-152.15014547883965,839.3885146125597,2.668
283,1231.04,-947.861,500.0,1472.08,119.874,900.0,1312.1895425481048,-584.8690244965602,893.2909402224635,2.932
284,1231.04,-947.861,500.0,1472.08,119.874,900.0,1397.4799615935135,-676.7278636625476,889.0127910587048,3.016
285,1231.04,-947.861,500.0,1472.08,119.874,900.0,1428.9924763322124,-92.48520365134357,790.9511841342179,2.628
286,1231.04,-947.861,500.0,1472.08,119.874,900.0,1338.7973996811997,-480.58711821835925,784.7822758913693,2.688
287,1231.04,-947.861,500.0,1472.08,119.874,900.0,1305.6028645721017,-516.4814753021504,871.0036371629479,2.844
288,1231.04,-947.861,500.0,1472.08,119.874,900.0,1432.2565045205447,-407.79691803003624,899.9842276723252,2.808
289,1231.04,-947.861,500.0,1472.08,119.874,900.0,1369.8969573196077,-135.04587686308594,879.9269674894474,2.716
290,1231.04,-947.861,500.0,1472.08,119.874,900.0,1310.0622552557188,-329.6019660826444,898.1164235850352,2.812
291,1231.04,-947.861,500.0,1472.08,119.874,900.0,1400.4326080641388,-569.278231428045,888.4472168736943,2.892
292,1231.04,-947.861,500.0,1472.08,119.874,900.0,1399.6063563374018,-157.1348853774731,789.8467991276675,2.62
293,1231.04,-947.861,500.0,1472.08,119.874,900.0,1276.3281676188922,-382.2604208182911,813.6324785372125,2.728
294,1231.04,-947.861,500.0,1472.08,119.874,900.0,1388.9601549879226,-233.5511190479084,870.5821394273116,2.704
295,1231.04,-947.861,500.0,1472.08,119.874,900.0,1305.9760717976296,-446.017478518702,846.0414487184346,2.772
296,1231.04,-947.861,500.0,1472.08,119.874,900.0,1346.5424387455012,-530.7184666481614,844.6485452686125,2.792
297,1231.04,-947.861,500.0,1472.08,119.874,900.0,1375.587223785142,-417.15672098506224,853.791582586119,2.74
298,1231.04,-947.861,500.0,1472.08,119.874,900.0,1332.5472570307338,-461.1781426669888,838.8575127527226,2.756
299,1231.04,-947.861,500.0,1472.08,119.874,900.0,1301.9701099704514,-33.79752249482834,896.3874080214674,3.0
