A_X,A_Y,A_Z,B_X,B_Y,B_Z,C_X,C_Y,C_Z,Predict Time
1650.0,880.0,1220.0,187.5,2647.5,482.0,824.64,1702.47,706.49,2.291890859603882
1650.0,880.0,1220.0,187.5,2647.5,482.0,1007.48,1790.39,706.08,2.334510564804077
1650.0,880.0,1220.0,187.5,2647.5,482.0,935.78,1485.58,809.37,2.3465631008148193
1650.0,880.0,1220.0,187.5,2647.5,482.0,715.67,1684.12,882.68,2.35044264793396
1650.0,880.0,1220.0,187.5,2647.5,482.0,1000.14,1438.72,816.19,2.359212636947632
1650.0,880.0,1220.0,187.5,2647.5,482.0,1011.4,1838.0,766.46,2.3664205074310303
1650.0,880.0,1220.0,187.5,2647.5,482.0,1033.5,1567.26,819.19,2.376298666000366
1650.0,880.0,1220.0,187.5,2647.5,482.0,533.65,1421.17,1089.59,2.3910958766937256
1650.0,880.0,1220.0,187.5,2647.5,482.0,876.12,1703.34,912.72,2.397552251815796
1650.0,880.0,1220.0,187.5,2647.5,482.0,991.96,1879.08,855.52,2.4067342281341553
1670.0,-880.0,1205.0,135.0,-2600.0,467.0,711.44,-1695.53,820.79,2.2971150875091553
1670.0,-880.0,1205.0,135.0,-2600.0,467.0,814.13,-1930.65,827.07,2.3041131496429443
1670.0,-880.0,1205.0,135.0,-2600.0,467.0,811.62,-1365.79,760.35,2.312070608139038
1670.0,-880.0,1205.0,135.0,-2600.0,467.0,511.51,-2198.67,1039.05,2.3229100704193115
1670.0,-880.0,1205.0,135.0,-2600.0,467.0,960.32,-1508.66,748.01,2.326444387435913
1670.0,-880.0,1205.0,135.0,-2600.0,467.0,982.54,-1639.12,758.66,2.3264710903167725
1670.0,-880.0,1205.0,135.0,-2600.0,467.0,831.28,-2476.83,964.15,2.3328568935394287
1670.0,-880.0,1205.0,135.0,-2600.0,467.0,1109.31,-1795.92,750.74,2.336942434310913
1670.0,-880.0,1205.0,135.0,-2600.0,467.0,701.58,-1640.27,916.82,2.3433358669281006
1670.0,-880.0,1205.0,135.0,-2600.0,467.0,1070.57,-1939.25,835.34,2.3584306240081787
1650.0,880.0,1220.0,425.0,2647.5,482.0,868.19,1290.51,842.01,2.2587697505950928
1650.0,880.0,1220.0,425.0,2647.5,482.0,1087.44,1841.41,693.12,2.2719686031341553
1650.0,880.0,1220.0,425.0,2647.5,482.0,946.03,1874.45,809.73,2.300300359725952
1650.0,880.0,1220.0,425.0,2647.5,482.0,966.21,1981.43,794.91,2.3045060634613037
1650.0,880.0,1220.0,425.0,2647.5,482.0,823.7,1868.98,894.93,2.3148248195648193
1650.0,880.0,1220.0,425.0,2647.5,482.0,882.66,1670.49,914.0,2.3215138912200928
1650.0,880.0,1220.0,425.0,2647.5,482.0,845.32,1590.07,992.55,2.344573736190796
1650.0,880.0,1220.0,425.0,2647.5,482.0,1105.78,1810.62,876.45,2.3584306240081787
1650.0,880.0,1220.0,425.0,2647.5,482.0,1023.52,1254.87,1003.22,2.3617818355560303
1650.0,880.0,1220.0,425.0,2647.5,482.0,982.11,2095.41,902.4,2.3655622005462646
1670.0,-880.0,1205.0,375.0,-2600.0,467.0,801.63,-1886.16,815.97,2.223130941390991
1670.0,-880.0,1205.0,375.0,-2600.0,467.0,849.54,-1405.94,769.93,2.2447011470794678
1670.0,-880.0,1205.0,375.0,-2600.0,467.0,1024.0,-1786.58,777.52,2.2568013668060303
1670.0,-880.0,1205.0,375.0,-2600.0,467.0,749.21,-1577.77,896.32,2.2712018489837646
1670.0,-880.0,1205.0,375.0,-2600.0,467.0,1028.22,-2092.99,857.31,2.2732484340667725
1670.0,-880.0,1205.0,375.0,-2600.0,467.0,688.95,-1620.46,957.58,2.2846219539642334
1670.0,-880.0,1205.0,375.0,-2600.0,467.0,1003.28,-1756.24,844.79,2.285705327987671
1670.0,-880.0,1205.0,375.0,-2600.0,467.0,842.1,-1479.48,882.64,2.2904908657073975
1670.0,-880.0,1205.0,375.0,-2600.0,467.0,993.19,-1508.66,832.32,2.2951619625091553
1670.0,-880.0,1205.0,375.0,-2600.0,467.0,1184.48,-2050.23,837.6,2.298299551010132
1650.0,880.0,1220.0,662.5,2647.5,482.0,857.4,1257.46,799.73,2.1592299938201904
1650.0,880.0,1220.0,662.5,2647.5,482.0,1335.29,1814.42,596.07,2.198972463607788
1650.0,880.0,1220.0,662.5,2647.5,482.0,946.23,1458.84,843.04,2.2109715938568115
1650.0,880.0,1220.0,662.5,2647.5,482.0,980.85,1635.08,805.18,2.2122437953948975
1650.0,880.0,1220.0,662.5,2647.5,482.0,1099.34,1394.24,865.82,2.247277021408081
1650.0,880.0,1220.0,662.5,2647.5,482.0,1203.92,1503.01,819.04,2.2543227672576904
1650.0,880.0,1220.0,662.5,2647.5,482.0,1090.26,1778.97,831.97,2.2569377422332764
1650.0,880.0,1220.0,662.5,2647.5,482.0,939.45,1825.81,924.57,2.2723119258880615
1650.0,880.0,1220.0,662.5,2647.5,482.0,1164.47,1351.24,903.3,2.2748124599456787
1650.0,880.0,1220.0,662.5,2647.5,482.0,1320.98,1567.33,809.71,2.2777440547943115
1670.0,-880.0,1205.0,825.0,-2600.0,467.0,1151.11,-1848.49,593.76,2.0492074489593506
1670.0,-880.0,1205.0,825.0,-2600.0,467.0,1305.53,-2246.22,643.83,2.075551748275757
1670.0,-880.0,1205.0,825.0,-2600.0,467.0,1207.77,-1959.44,793.91,2.145332098007202
1670.0,-880.0,1205.0,825.0,-2600.0,467.0,1283.76,-1843.82,782.34,2.163299322128296
1670.0,-880.0,1205.0,825.0,-2600.0,467.0,1272.88,-1727.54,836.29,2.1939961910247803
1670.0,-880.0,1205.0,825.0,-2600.0,467.0,1033.89,-1778.13,962.51,2.201169729232788
1670.0,-880.0,1205.0,825.0,-2600.0,467.0,1486.88,-2115.25,839.74,2.211303472518921
1670.0,-880.0,1205.0,825.0,-2600.0,467.0,1358.55,-1531.36,812.25,2.213622808456421
1670.0,-880.0,1205.0,825.0,-2600.0,467.0,1146.83,-1764.3,952.28,2.219938039779663
1670.0,-880.0,1205.0,825.0,-2600.0,467.0,1336.73,-1798.84,909.13,2.2355153560638428
1650.0,880.0,1220.0,950.0,2710.0,482.0,1314.45,2107.83,782.76,2.213547468185425
1650.0,880.0,1220.0,950.0,2710.0,482.0,1311.43,2022.65,823.69,2.226221799850464
1650.0,880.0,1220.0,950.0,2710.0,482.0,1319.28,1665.48,901.31,2.2384793758392334
1650.0,880.0,1220.0,950.0,2710.0,482.0,1217.86,1760.83,934.53,2.240731954574585
1650.0,880.0,1220.0,950.0,2710.0,482.0,1355.46,1812.73,873.6,2.243396520614624
1650.0,880.0,1220.0,950.0,2710.0,482.0,1328.63,1860.28,878.79,2.2438228130340576
1650.0,880.0,1220.0,950.0,2710.0,482.0,1233.28,1769.47,961.69,2.2566287517547607
1650.0,880.0,1220.0,950.0,2710.0,482.0,1235.33,1734.01,970.21,2.2582614421844482
1650.0,880.0,1220.0,950.0,2710.0,482.0,1180.49,1955.68,963.45,2.259739637374878
1650.0,880.0,1220.0,950.0,2710.0,482.0,1221.67,1581.13,1002.44,2.259941816329956
1670.0,-880.0,1205.0,1065.0,-2600.0,467.0,1340.69,-2382.83,736.05,2.039275884628296
1670.0,-880.0,1205.0,1065.0,-2600.0,467.0,1376.68,-1881.89,669.85,2.050687551498413
1670.0,-880.0,1205.0,1065.0,-2600.0,467.0,1364.54,-1794.34,713.03,2.0741727352142334
1670.0,-880.0,1205.0,1065.0,-2600.0,467.0,1295.0,-1687.51,867.8,2.139190435409546
1670.0,-880.0,1205.0,1065.0,-2600.0,467.0,1412.53,-1659.54,824.56,2.1445538997650146
1670.0,-880.0,1205.0,1065.0,-2600.0,467.0,1403.6,-1823.66,878.87,2.156724691390991
1670.0,-880.0,1205.0,1065.0,-2600.0,467.0,1301.89,-1664.31,901.96,2.158019781112671
1670.0,-880.0,1205.0,1065.0,-2600.0,467.0,1296.54,-1691.45,910.1,2.158801794052124
1670.0,-880.0,1205.0,1065.0,-2600.0,467.0,1337.43,-1830.81,927.47,2.165147542953491
1670.0,-880.0,1205.0,1065.0,-2600.0,467.0,1204.03,-1516.59,939.94,2.1662347316741943
1650.0,880.0,1220.0,250.0,2360.0,482.0,600.1,1474.64,775.08,2.2255589962005615
1650.0,880.0,1220.0,250.0,2360.0,482.0,1120.83,1493.56,694.64,2.293813467025757
1650.0,880.0,1220.0,250.0,2360.0,482.0,773.34,1497.96,907.58,2.3228681087493896
1650.0,880.0,1220.0,250.0,2360.0,482.0,837.84,1878.01,850.82,2.335836172103882
1650.0,880.0,1220.0,250.0,2360.0,482.0,613.82,1646.42,984.23,2.3367269039154053
1650.0,880.0,1220.0,250.0,2360.0,482.0,851.78,1658.13,909.13,2.3505170345306396
1650.0,880.0,1220.0,250.0,2360.0,482.0,856.29,1330.65,969.08,2.356281042098999
1650.0,880.0,1220.0,250.0,2360.0,482.0,880.97,1640.5,939.85,2.369065999984741
1650.0,880.0,1220.0,250.0,2360.0,482.0,1054.5,1813.2,846.94,2.3727986812591553
1650.0,880.0,1220.0,250.0,2360.0,482.0,580.15,1874.78,1046.86,2.3745973110198975
1670.0,-880.0,1205.0,210.0,-2285.0,467.0,712.89,-1801.9,801.97,2.2765862941741943
1670.0,-880.0,1205.0,210.0,-2285.0,467.0,616.06,-1979.59,951.43,2.313741445541382
1670.0,-880.0,1205.0,210.0,-2285.0,467.0,897.15,-1812.78,824.56,2.323371648788452
1670.0,-880.0,1205.0,210.0,-2285.0,467.0,1250.17,-1542.58,681.76,2.346168279647827
1670.0,-880.0,1205.0,210.0,-2285.0,467.0,1075.38,-1727.11,795.44,2.351186513900757
1670.0,-880.0,1205.0,210.0,-2285.0,467.0,774.17,-1280.86,876.01,2.359140157699585
1670.0,-880.0,1205.0,210.0,-2285.0,467.0,621.07,-1540.83,982.98,2.3600118160247803
1670.0,-880.0,1205.0,210.0,-2285.0,467.0,690.18,-1862.11,1032.12,2.374101400375366
1670.0,-880.0,1205.0,210.0,-2285.0,467.0,523.94,-1435.91,1042.99,2.3754003047943115
1670.0,-880.0,1205.0,210.0,-2285.0,467.0,1087.12,-1722.51,845.24,2.376941442489624
1650.0,880.0,1220.0,600.0,2360.0,482.0,819.8,1430.9,768.44,2.1515109539031982
1650.0,880.0,1220.0,600.0,2360.0,482.0,933.85,1303.63,863.14,2.2092111110687256
1650.0,880.0,1220.0,600.0,2360.0,482.0,1270.4,1855.82,681.47,2.2314298152923584
1650.0,880.0,1220.0,600.0,2360.0,482.0,1180.49,1316.5,803.81,2.2318685054779053
1650.0,880.0,1220.0,600.0,2360.0,482.0,1102.17,1539.17,856.59,2.2563865184783936
1650.0,880.0,1220.0,600.0,2360.0,482.0,1112.68,1475.39,865.92,2.2586162090301514
1650.0,880.0,1220.0,600.0,2360.0,482.0,1153.2,1874.89,837.91,2.281061887741089
1650.0,880.0,1220.0,600.0,2360.0,482.0,992.59,1597.18,959.25,2.285836935043335
1650.0,880.0,1220.0,600.0,2360.0,482.0,1073.2,1620.94,925.89,2.288255453109741
1650.0,880.0,1220.0,600.0,2360.0,482.0,1013.33,1723.95,937.3,2.2887046337127686
1670.0,-880.0,1205.0,600.0,-2285.0,467.0,1116.35,-1510.53,744.04,2.226327657699585
1670.0,-880.0,1205.0,600.0,-2285.0,467.0,1116.07,-1482.62,741.65,2.227132558822632
1670.0,-880.0,1205.0,600.0,-2285.0,467.0,1131.19,-2027.94,851.08,2.2425591945648193
1670.0,-880.0,1205.0,600.0,-2285.0,467.0,1316.85,-1627.64,712.48,2.2433526515960693
1670.0,-880.0,1205.0,600.0,-2285.0,467.0,1176.54,-1582.11,781.76,2.250640630722046
1670.0,-880.0,1205.0,600.0,-2285.0,467.0,1178.87,-1589.5,787.35,2.253011465072632
1670.0,-880.0,1205.0,600.0,-2285.0,467.0,1131.63,-1536.25,823.4,2.264350652694702
1670.0,-880.0,1205.0,600.0,-2285.0,467.0,958.04,-2008.49,987.4,2.272268056869507
1670.0,-880.0,1205.0,600.0,-2285.0,467.0,1062.97,-1282.96,851.71,2.281083822250366
1670.0,-880.0,1205.0,600.0,-2285.0,467.0,901.16,-1734.28,1007.33,2.289144277572632
1650.0,880.0,1220.0,950.0,2478.5,482.0,1144.47,1527.11,811.12,2.1383779048919678
1650.0,880.0,1220.0,950.0,2478.5,482.0,1234.0,1868.48,732.34,2.1437785625457764
1650.0,880.0,1220.0,950.0,2478.5,482.0,1280.52,1320.33,876.61,2.1816794872283936
1650.0,880.0,1220.0,950.0,2478.5,482.0,1414.13,1685.6,779.09,2.188612699508667
1650.0,880.0,1220.0,950.0,2478.5,482.0,1432.52,1421.1,836.17,2.200026273727417
1650.0,880.0,1220.0,950.0,2478.5,482.0,1169.31,1776.27,931.67,2.2161128520965576
1650.0,880.0,1220.0,950.0,2478.5,482.0,1346.99,1862.91,848.87,2.2195804119110107
1650.0,880.0,1220.0,950.0,2478.5,482.0,1292.24,1812.57,886.88,2.2228047847747803
1650.0,880.0,1220.0,950.0,2478.5,482.0,1465.54,1852.09,807.27,2.2237069606781006
1650.0,880.0,1220.0,950.0,2478.5,482.0,1234.14,1469.54,1009.01,2.2436091899871826
1670.0,-880.0,1205.0,990.0,-2285.0,467.0,1258.64,-2080.82,749.64,2.093139410018921
1670.0,-880.0,1205.0,990.0,-2285.0,467.0,1295.28,-1693.84,730.16,2.1182382106781006
1670.0,-880.0,1205.0,990.0,-2285.0,467.0,1299.88,-1706.17,737.62,2.121795415878296
1670.0,-880.0,1205.0,990.0,-2285.0,467.0,1403.26,-1651.29,705.8,2.1317384243011475
1670.0,-880.0,1205.0,990.0,-2285.0,467.0,1374.67,-1694.77,780.33,2.1573426723480225
1670.0,-880.0,1205.0,990.0,-2285.0,467.0,1271.14,-1463.49,810.87,2.167020559310913
1670.0,-880.0,1205.0,990.0,-2285.0,467.0,1394.23,-1656.43,822.41,2.1831986904144287
1670.0,-880.0,1205.0,990.0,-2285.0,467.0,1408.46,-1425.18,795.57,2.189918279647827
1670.0,-880.0,1205.0,990.0,-2285.0,467.0,1221.53,-1328.04,873.52,2.1952455043792725
1670.0,-880.0,1205.0,990.0,-2285.0,467.0,1327.53,-1759.21,934.24,2.214200735092163
1650.0,880.0,1220.0,187.5,2072.5,482.0,828.07,1525.94,800.09,2.288647413253784
1650.0,880.0,1220.0,187.5,2072.5,482.0,875.74,1097.36,883.6,2.3068692684173584
1650.0,880.0,1220.0,187.5,2072.5,482.0,931.43,1351.09,826.59,2.308967351913452
1650.0,880.0,1220.0,187.5,2072.5,482.0,660.56,1289.82,959.21,2.3124501705169678
1650.0,880.0,1220.0,187.5,2072.5,482.0,680.81,1284.89,961.3,2.3169772624969482
1650.0,880.0,1220.0,187.5,2072.5,482.0,901.19,1652.03,820.31,2.3215386867523193
1650.0,880.0,1220.0,187.5,2072.5,482.0,771.14,1543.69,893.49,2.321728467941284
1650.0,880.0,1220.0,187.5,2072.5,482.0,702.65,1386.82,959.37,2.3273065090179443
1650.0,880.0,1220.0,187.5,2072.5,482.0,940.47,1519.73,840.4,2.3292367458343506
1650.0,880.0,1220.0,187.5,2072.5,482.0,928.77,1571.39,844.8,2.3329408168792725
1670.0,-880.0,1205.0,210.0,-2045.0,467.0,901.49,-1577.07,678.12,2.2871968746185303
1670.0,-880.0,1205.0,210.0,-2045.0,467.0,636.14,-1271.87,796.81,2.3103654384613037
1670.0,-880.0,1205.0,210.0,-2045.0,467.0,884.71,-1432.74,723.01,2.314584493637085
1670.0,-880.0,1205.0,210.0,-2045.0,467.0,477.84,-1695.42,987.5,2.3375585079193115
1670.0,-880.0,1205.0,210.0,-2045.0,467.0,1121.36,-1501.99,689.53,2.341595411300659
1670.0,-880.0,1205.0,210.0,-2045.0,467.0,830.0,-1646.84,842.14,2.3439385890960693
1670.0,-880.0,1205.0,210.0,-2045.0,467.0,674.26,-1406.82,874.51,2.3443639278411865
1670.0,-880.0,1205.0,210.0,-2045.0,467.0,874.92,-1624.66,894.2,2.3785016536712646
1670.0,-880.0,1205.0,210.0,-2045.0,467.0,1011.41,-1250.06,789.96,2.3835647106170654
1670.0,-880.0,1205.0,210.0,-2045.0,467.0,906.62,-1603.79,933.91,2.404313802719116
1650.0,880.0,1220.0,425.0,2072.5,482.0,917.37,1307.07,814.05,2.2218196392059326
1650.0,880.0,1220.0,425.0,2072.5,482.0,813.22,1285.55,909.38,2.243748426437378
1650.0,880.0,1220.0,425.0,2072.5,482.0,1042.96,1532.95,783.25,2.2483956813812256
1650.0,880.0,1220.0,425.0,2072.5,482.0,873.62,1231.09,909.34,2.2518470287323
1650.0,880.0,1220.0,425.0,2072.5,482.0,988.24,1430.32,831.64,2.2529056072235107
1650.0,880.0,1220.0,425.0,2072.5,482.0,1023.09,1419.29,825.03,2.255819082260132
1650.0,880.0,1220.0,425.0,2072.5,482.0,1159.31,1411.48,775.49,2.259678602218628
1650.0,880.0,1220.0,425.0,2072.5,482.0,1097.7,1213.27,854.71,2.270136594772339
1650.0,880.0,1220.0,425.0,2072.5,482.0,837.25,1621.46,906.28,2.270367383956909
1650.0,880.0,1220.0,425.0,2072.5,482.0,1104.41,1192.45,890.47,2.2866084575653076
1670.0,-880.0,1205.0,600.0,-2045.0,467.0,841.93,-1893.39,808.46,2.1890523433685303
1670.0,-880.0,1205.0,600.0,-2045.0,467.0,1063.29,-1544.73,712.85,2.2132508754730225
1670.0,-880.0,1205.0,600.0,-2045.0,467.0,993.46,-1771.26,810.16,2.2286183834075928
1670.0,-880.0,1205.0,600.0,-2045.0,467.0,1266.61,-1483.35,761.77,2.2806756496429443
1670.0,-880.0,1205.0,600.0,-2045.0,467.0,971.15,-1419.56,885.48,2.2834489345550537
1670.0,-880.0,1205.0,600.0,-2045.0,467.0,1066.39,-1436.04,856.62,2.287910223007202
1670.0,-880.0,1205.0,600.0,-2045.0,467.0,909.67,-1390.9,926.88,2.292203664779663
1670.0,-880.0,1205.0,600.0,-2045.0,467.0,860.15,-1510.92,970.53,2.2943990230560303
1670.0,-880.0,1205.0,600.0,-2045.0,467.0,1125.58,-1511.27,870.14,2.3009049892425537
1670.0,-880.0,1205.0,600.0,-2045.0,467.0,1063.27,-1688.29,942.92,2.3095147609710693
1650.0,880.0,1220.0,662.5,2072.5,482.0,980.55,1255.67,800.63,2.14933180809021
1650.0,880.0,1220.0,662.5,2072.5,482.0,1037.56,1413.03,784.9,2.1639630794525146
1650.0,880.0,1220.0,662.5,2072.5,482.0,1040.94,1151.19,845.49,2.1746737957000732
1650.0,880.0,1220.0,662.5,2072.5,482.0,1018.41,1401.37,849.46,2.189326047897339
1650.0,880.0,1220.0,662.5,2072.5,482.0,1113.33,1457.62,823.04,2.199700117111206
1650.0,880.0,1220.0,662.5,2072.5,482.0,1182.22,1427.41,820.04,2.2100331783294678
1650.0,880.0,1220.0,662.5,2072.5,482.0,1033.34,1581.76,906.08,2.2305238246917725
1650.0,880.0,1220.0,662.5,2072.5,482.0,980.91,1410.87,980.68,2.242924451828003
1650.0,880.0,1220.0,662.5,2072.5,482.0,983.18,1443.24,976.15,2.2436625957489014
1650.0,880.0,1220.0,662.5,2072.5,482.0,1030.9,1358.64,971.43,2.2450482845306396
1670.0,-880.0,1205.0,990.0,-2045.0,467.0,1182.66,-1560.93,793.25,2.1486871242523193
1670.0,-880.0,1205.0,990.0,-2045.0,467.0,1377.39,-1177.87,692.01,2.1677911281585693
1670.0,-880.0,1205.0,990.0,-2045.0,467.0,1272.63,-1420.27,828.25,2.192626714706421
1670.0,-880.0,1205.0,990.0,-2045.0,467.0,1315.7,-1637.45,848.69,2.1955583095550537
1670.0,-880.0,1205.0,990.0,-2045.0,467.0,1421.27,-1546.1,796.77,2.199126958847046
1670.0,-880.0,1205.0,990.0,-2045.0,467.0,1190.43,-1461.11,908.61,2.2105443477630615
1670.0,-880.0,1205.0,990.0,-2045.0,467.0,1349.88,-1489.45,852.97,2.2146966457366943
1670.0,-880.0,1205.0,990.0,-2045.0,467.0,1276.92,-1591.41,923.32,2.2255704402923584
1670.0,-880.0,1205.0,990.0,-2045.0,467.0,1206.36,-1374.56,929.89,2.2297322750091553
1670.0,-880.0,1205.0,990.0,-2045.0,467.0,1355.86,-1539.95,892.03,2.2303102016448975
1650.0,880.0,1220.0,950.0,2241.5,482.0,1138.58,1578.92,834.65,2.1371219158172607
1650.0,880.0,1220.0,950.0,2241.5,482.0,1278.96,1549.87,816.94,2.1551263332366943
1650.0,880.0,1220.0,950.0,2241.5,482.0,1311.7,1603.62,822.44,2.1679723262786865
1650.0,880.0,1220.0,950.0,2241.5,482.0,1310.0,1670.11,816.95,2.1698720455169678
1650.0,880.0,1220.0,950.0,2241.5,482.0,1073.92,1773.9,911.23,2.1735169887542725
1650.0,880.0,1220.0,950.0,2241.5,482.0,1182.91,1517.03,903.55,2.173574209213257
1650.0,880.0,1220.0,950.0,2241.5,482.0,1337.65,1579.53,833.97,2.176426649093628
1650.0,880.0,1220.0,950.0,2241.5,482.0,1310.9,1699.79,844.52,2.1846282482147217
1650.0,880.0,1220.0,950.0,2241.5,482.0,1216.46,1884.91,867.66,2.189598798751831
1650.0,880.0,1220.0,950.0,2241.5,482.0,1433.19,1353.47,855.86,2.1903693675994873
1670.0,-880.0,1205.0,210.0,-2675.0,672.0,804.54,-1872.42,967.2,2.2806451320648193
1670.0,-880.0,1205.0,210.0,-2675.0,672.0,734.87,-1951.4,1033.94,2.2921712398529053
1670.0,-880.0,1205.0,210.0,-2675.0,672.0,906.99,-2024.48,982.48,2.29776930809021
1670.0,-880.0,1205.0,210.0,-2675.0,672.0,827.97,-1812.74,985.01,2.2977731227874756
1670.0,-880.0,1205.0,210.0,-2675.0,672.0,771.43,-1808.08,1009.92,2.298450231552124
1670.0,-880.0,1205.0,210.0,-2675.0,672.0,783.57,-1675.8,1012.27,2.310781240463257
1670.0,-880.0,1205.0,210.0,-2675.0,672.0,903.83,-1885.78,1000.63,2.314939260482788
1670.0,-880.0,1205.0,210.0,-2675.0,672.0,689.55,-1873.19,1102.25,2.31986403465271
1670.0,-880.0,1205.0,210.0,-2675.0,672.0,926.45,-2068.57,1035.07,2.3225972652435303
1670.0,-880.0,1205.0,210.0,-2675.0,672.0,924.39,-1595.66,981.33,2.3304364681243896
1650.0,880.0,1220.0,950.0,2010.0,482.0,1298.06,1463.94,683.94,2.0777390003204346
1650.0,880.0,1220.0,950.0,2010.0,482.0,1300.82,1393.0,694.12,2.077820062637329
1650.0,880.0,1220.0,950.0,2010.0,482.0,1307.09,1344.91,710.3,2.0830252170562744
1650.0,880.0,1220.0,950.0,2010.0,482.0,1263.4,1495.0,744.86,2.101055383682251
1650.0,880.0,1220.0,950.0,2010.0,482.0,1269.89,1658.32,777.37,2.128469228744507
1650.0,880.0,1220.0,950.0,2010.0,482.0,1283.5,1367.36,822.26,2.1317813396453857
1650.0,880.0,1220.0,950.0,2010.0,482.0,1353.09,1370.61,797.61,2.134758710861206
1650.0,880.0,1220.0,950.0,2010.0,482.0,1306.59,1672.95,803.1,2.148681879043579
1650.0,880.0,1220.0,950.0,2010.0,482.0,1181.18,1437.32,903.41,2.153792142868042
1650.0,880.0,1220.0,950.0,2010.0,482.0,1313.98,1419.93,883.94,2.169970750808716
1670.0,-880.0,1205.0,600.0,-2675.0,672.0,976.11,-1964.73,916.22,2.1605279445648193
1670.0,-880.0,1205.0,600.0,-2675.0,672.0,982.2,-1672.69,885.89,2.1683461666107178
1670.0,-880.0,1205.0,600.0,-2675.0,672.0,1092.13,-2034.59,962.02,2.199918508529663
1670.0,-880.0,1205.0,600.0,-2675.0,672.0,1023.02,-2384.87,1059.45,2.20676589012146
1670.0,-880.0,1205.0,600.0,-2675.0,672.0,1282.62,-1817.94,888.52,2.219114065170288
1670.0,-880.0,1205.0,600.0,-2675.0,672.0,1043.38,-1542.93,959.42,2.2232720851898193
1670.0,-880.0,1205.0,600.0,-2675.0,672.0,1390.89,-1680.48,831.97,2.2244412899017334
1670.0,-880.0,1205.0,600.0,-2675.0,672.0,1144.39,-1340.27,890.3,2.225969076156616
1670.0,-880.0,1205.0,600.0,-2675.0,672.0,971.08,-1691.58,1023.68,2.228271245956421
1670.0,-880.0,1205.0,600.0,-2675.0,672.0,1053.44,-1738.72,1008.17,2.2341878414154053
1650.0,880.0,1220.0,250.0,2710.0,702.0,783.75,1639.01,871.28,2.273284673690796
1650.0,880.0,1220.0,250.0,2710.0,702.0,892.61,1621.06,887.7,2.3010480403900146
1650.0,880.0,1220.0,250.0,2710.0,702.0,647.8,1984.32,950.26,2.306089162826538
1650.0,880.0,1220.0,250.0,2710.0,702.0,523.91,2212.49,1005.54,2.323362112045288
1650.0,880.0,1220.0,250.0,2710.0,702.0,1051.23,2066.28,834.21,2.338947057723999
1650.0,880.0,1220.0,250.0,2710.0,702.0,1080.41,1821.99,864.79,2.3416764736175537
1650.0,880.0,1220.0,250.0,2710.0,702.0,1129.83,1944.77,829.89,2.344470739364624
1650.0,880.0,1220.0,250.0,2710.0,702.0,881.82,1780.16,975.45,2.3507325649261475
1650.0,880.0,1220.0,250.0,2710.0,702.0,666.7,1707.91,1112.15,2.3657472133636475
1650.0,880.0,1220.0,250.0,2710.0,702.0,842.66,1802.5,1026.17,2.3677289485931396
1670.0,-880.0,1205.0,990.0,-2675.0,672.0,1213.75,-1520.37,760.65,2.042611837387085
1670.0,-880.0,1205.0,990.0,-2675.0,672.0,1290.63,-1911.11,858.75,2.0759999752044678
1670.0,-880.0,1205.0,990.0,-2675.0,672.0,1206.59,-1879.06,921.33,2.09067702293396
1670.0,-880.0,1205.0,990.0,-2675.0,672.0,1462.59,-1781.68,822.21,2.102559804916382
1670.0,-880.0,1205.0,990.0,-2675.0,672.0,1373.4,-1999.78,900.07,2.105367422103882
1670.0,-880.0,1205.0,990.0,-2675.0,672.0,1259.03,-1589.04,889.53,2.1066434383392334
1670.0,-880.0,1205.0,990.0,-2675.0,672.0,1295.34,-1835.43,917.79,2.109557867050171
1670.0,-880.0,1205.0,990.0,-2675.0,672.0,1193.12,-1971.8,987.55,2.1119706630706787
1670.0,-880.0,1205.0,990.0,-2675.0,672.0,1161.49,-1874.66,990.61,2.1136929988861084
1670.0,-880.0,1205.0,990.0,-2675.0,672.0,1283.8,-1516.85,901.2,2.121721029281616
1650.0,880.0,1220.0,537.5,2647.5,702.0,863.68,1734.23,976.46,2.2483956813812256
1650.0,880.0,1220.0,537.5,2647.5,702.0,1001.48,1814.64,907.52,2.2496678829193115
1650.0,880.0,1220.0,537.5,2647.5,702.0,1098.28,1489.37,914.38,2.249805212020874
1650.0,880.0,1220.0,537.5,2647.5,702.0,1080.82,1745.78,891.69,2.2537171840667725
1650.0,880.0,1220.0,537.5,2647.5,702.0,907.37,1848.12,964.9,2.2597920894622803
1650.0,880.0,1220.0,537.5,2647.5,702.0,967.45,2078.69,924.52,2.2692372798919678
1650.0,880.0,1220.0,537.5,2647.5,702.0,986.36,1619.68,986.67,2.269986867904663
1650.0,880.0,1220.0,537.5,2647.5,702.0,846.1,1853.86,1021.96,2.274371862411499
1650.0,880.0,1220.0,537.5,2647.5,702.0,1070.7,1590.31,986.97,2.284837484359741
1650.0,880.0,1220.0,537.5,2647.5,702.0,1168.3,1753.57,933.28,2.2905290126800537
1670.0,-880.0,1205.0,210.0,-2435.0,672.0,708.0,-1645.65,900.28,2.2608983516693115
1670.0,-880.0,1205.0,210.0,-2435.0,672.0,694.38,-1935.54,1018.48,2.292335271835327
1670.0,-880.0,1205.0,210.0,-2435.0,672.0,633.51,-1717.71,1025.99,2.2988641262054443
1670.0,-880.0,1205.0,210.0,-2435.0,672.0,810.23,-1642.47,950.03,2.304197072982788
1670.0,-880.0,1205.0,210.0,-2435.0,672.0,672.78,-1759.17,1027.31,2.3046624660491943
1670.0,-880.0,1205.0,210.0,-2435.0,672.0,679.09,-1345.36,962.94,2.3049352169036865
1670.0,-880.0,1205.0,210.0,-2435.0,672.0,922.22,-1590.17,922.29,2.3177831172943115
1670.0,-880.0,1205.0,210.0,-2435.0,672.0,992.55,-1651.8,912.28,2.3227365016937256
1670.0,-880.0,1205.0,210.0,-2435.0,672.0,1068.55,-1482.76,866.96,2.3287103176116943
1670.0,-880.0,1205.0,210.0,-2435.0,672.0,670.46,-1570.56,1053.42,2.3292081356048584
1650.0,880.0,1220.0,775.0,2647.5,702.0,1032.71,1172.11,865.76,2.116126775741577
1650.0,880.0,1220.0,775.0,2647.5,702.0,1055.06,1361.74,912.69,2.155751943588257
1650.0,880.0,1220.0,775.0,2647.5,702.0,1180.04,1815.11,856.02,2.1862332820892334
1650.0,880.0,1220.0,775.0,2647.5,702.0,1211.34,1594.69,924.58,2.2082021236419678
1650.0,880.0,1220.0,775.0,2647.5,702.0,1226.65,1526.33,942.97,2.2151591777801514
1650.0,880.0,1220.0,775.0,2647.5,702.0,1124.45,1563.43,1014.26,2.2303311824798584
1650.0,880.0,1220.0,775.0,2647.5,702.0,1037.43,1796.4,1039.37,2.240804433822632
1650.0,880.0,1220.0,775.0,2647.5,702.0,1319.73,1833.7,922.83,2.246206045150757
1650.0,880.0,1220.0,775.0,2647.5,702.0,1210.42,1749.8,983.0,2.246265172958374
1650.0,880.0,1220.0,775.0,2647.5,702.0,1165.76,1827.05,995.87,2.248267889022827
1670.0,-880.0,1205.0,600.0,-2435.0,672.0,1040.66,-1648.16,891.1,2.1984193325042725
1670.0,-880.0,1205.0,600.0,-2435.0,672.0,1040.85,-1579.67,896.48,2.205880880355835
1670.0,-880.0,1205.0,600.0,-2435.0,672.0,1024.99,-1668.08,936.52,2.214872121810913
1670.0,-880.0,1205.0,600.0,-2435.0,672.0,1051.66,-1832.36,982.82,2.2300527095794678
1670.0,-880.0,1205.0,600.0,-2435.0,672.0,1018.94,-1943.58,1038.38,2.2416398525238037
1670.0,-880.0,1205.0,600.0,-2435.0,672.0,1360.57,-1685.71,890.41,2.2595155239105225
1670.0,-880.0,1205.0,600.0,-2435.0,672.0,951.45,-1498.43,1050.66,2.2649457454681396
1670.0,-880.0,1205.0,600.0,-2435.0,672.0,912.55,-1732.07,1103.51,2.265092611312866
1670.0,-880.0,1205.0,600.0,-2435.0,672.0,1231.41,-1644.47,954.96,2.2662904262542725
1670.0,-880.0,1205.0,600.0,-2435.0,672.0,1135.47,-1370.7,955.18,2.266456365585327
1650.0,880.0,1220.0,1012.5,2647.5,702.0,1321.92,1834.17,857.53,2.1406447887420654
1650.0,880.0,1220.0,1012.5,2647.5,702.0,1395.21,1516.82,910.54,2.1578338146209717
1650.0,880.0,1220.0,1012.5,2647.5,702.0,1354.27,1550.88,944.52,2.1675021648406982
1650.0,880.0,1220.0,1012.5,2647.5,702.0,1276.52,1871.18,941.48,2.172961950302124
1650.0,880.0,1220.0,1012.5,2647.5,702.0,1290.7,1311.12,1028.35,2.1770808696746826
1650.0,880.0,1220.0,1012.5,2647.5,702.0,1359.89,1780.65,945.2,2.184852361679077
1650.0,880.0,1220.0,1012.5,2647.5,702.0,1382.54,1582.69,975.12,2.189162015914917
1650.0,880.0,1220.0,1012.5,2647.5,702.0,1315.65,1812.18,1009.0,2.2078301906585693
1650.0,880.0,1220.0,1012.5,2647.5,702.0,1274.36,1701.31,1047.27,2.209735631942749
1650.0,880.0,1220.0,1012.5,2647.5,702.0,1342.92,1542.91,1049.24,2.213120222091675
1670.0,-880.0,1205.0,990.0,-2435.0,672.0,1221.6,-1703.63,843.54,2.0841939449310303
1670.0,-880.0,1205.0,990.0,-2435.0,672.0,1307.26,-1499.21,842.77,2.1151788234710693
1670.0,-880.0,1205.0,990.0,-2435.0,672.0,1170.06,-1336.73,905.39,2.127977132797241
1670.0,-880.0,1205.0,990.0,-2435.0,672.0,1231.81,-1645.79,934.81,2.132373571395874
1670.0,-880.0,1205.0,990.0,-2435.0,672.0,1247.19,-1725.42,957.65,2.14066481590271
1670.0,-880.0,1205.0,990.0,-2435.0,672.0,1246.57,-1869.84,985.95,2.143707036972046
1670.0,-880.0,1205.0,990.0,-2435.0,672.0,1269.4,-1927.31,989.41,2.145507574081421
1670.0,-880.0,1205.0,990.0,-2435.0,672.0,1328.45,-1590.78,917.88,2.147804021835327
1670.0,-880.0,1205.0,990.0,-2435.0,672.0,1250.72,-2200.45,1067.01,2.158801794052124
1670.0,-880.0,1205.0,990.0,-2435.0,672.0,1287.07,-1484.71,946.17,2.159778356552124
1650.0,880.0,1220.0,250.0,2478.5,702.0,658.56,1563.23,883.55,2.234119176864624
1650.0,880.0,1220.0,250.0,2478.5,702.0,782.38,1693.78,911.6,2.280975103378296
1650.0,880.0,1220.0,250.0,2478.5,702.0,689.92,1661.88,1021.37,2.3114984035491943
1650.0,880.0,1220.0,250.0,2478.5,702.0,713.7,1965.28,985.27,2.3200700283050537
1650.0,880.0,1220.0,250.0,2478.5,702.0,916.44,1881.38,933.78,2.331041097640991
1650.0,880.0,1220.0,250.0,2478.5,702.0,1109.47,1456.19,916.79,2.332048177719116
1650.0,880.0,1220.0,250.0,2478.5,702.0,966.78,1779.36,943.11,2.33829665184021
1650.0,880.0,1220.0,250.0,2478.5,702.0,1020.93,1552.2,961.19,2.342031240463257
1650.0,880.0,1220.0,250.0,2478.5,702.0,1041.77,1762.27,929.97,2.3460748195648193
1650.0,880.0,1220.0,250.0,2478.5,702.0,971.79,1714.11,973.29,2.349008321762085
1670.0,-880.0,1205.0,135.0,-2120.0,672.0,628.68,-1759.43,894.59,2.277299642562866
1670.0,-880.0,1205.0,135.0,-2120.0,672.0,830.63,-1593.97,833.11,2.3007867336273193
1670.0,-880.0,1205.0,135.0,-2120.0,672.0,317.54,-1531.82,1085.3,2.3191487789154053
1670.0,-880.0,1205.0,135.0,-2120.0,672.0,1013.62,-1660.12,825.47,2.3293206691741943
1670.0,-880.0,1205.0,135.0,-2120.0,672.0,699.27,-1714.69,983.5,2.335543394088745
1670.0,-880.0,1205.0,135.0,-2120.0,672.0,951.01,-1848.86,974.41,2.372436285018921
1670.0,-880.0,1205.0,135.0,-2120.0,672.0,941.98,-1593.7,948.44,2.3763797283172607
1670.0,-880.0,1205.0,135.0,-2120.0,672.0,952.78,-1472.37,935.06,2.380873441696167
1670.0,-880.0,1205.0,135.0,-2120.0,672.0,729.61,-1238.6,1003.98,2.3841779232025146
1670.0,-880.0,1205.0,135.0,-2120.0,672.0,801.91,-1690.92,1052.08,2.389486074447632
1650.0,880.0,1220.0,600.0,2360.0,702.0,989.59,1945.82,867.16,2.2006661891937256
1650.0,880.0,1220.0,600.0,2360.0,702.0,985.97,1728.59,925.83,2.212045431137085
1650.0,880.0,1220.0,600.0,2360.0,702.0,779.31,1703.9,1035.01,2.219219923019409
1650.0,880.0,1220.0,600.0,2360.0,702.0,1070.53,1844.84,899.99,2.225201368331909
1650.0,880.0,1220.0,600.0,2360.0,702.0,930.04,1566.89,1012.18,2.2289435863494873
1650.0,880.0,1220.0,600.0,2360.0,702.0,1232.81,1625.26,874.48,2.230309247970581
1650.0,880.0,1220.0,600.0,2360.0,702.0,1047.37,1462.79,1003.72,2.2414567470550537
1650.0,880.0,1220.0,600.0,2360.0,702.0,1007.61,1721.67,994.33,2.24751353263855
1650.0,880.0,1220.0,600.0,2360.0,702.0,1185.57,1728.96,951.3,2.263521909713745
1650.0,880.0,1220.0,600.0,2360.0,702.0,1198.9,1092.4,1041.9,2.2636401653289795
1670.0,-880.0,1205.0,375.0,-2120.0,672.0,1021.32,-1521.49,829.32,2.265939474105835
1670.0,-880.0,1205.0,375.0,-2120.0,672.0,801.37,-1917.72,1013.64,2.279470205307007
1670.0,-880.0,1205.0,375.0,-2120.0,672.0,835.67,-1698.72,978.34,2.2851006984710693
1670.0,-880.0,1205.0,375.0,-2120.0,672.0,882.43,-1316.98,925.27,2.296416997909546
1670.0,-880.0,1205.0,375.0,-2120.0,672.0,989.6,-1616.53,944.54,2.306091070175171
1670.0,-880.0,1205.0,375.0,-2120.0,672.0,847.31,-1343.01,979.01,2.3126065731048584
1670.0,-880.0,1205.0,375.0,-2120.0,672.0,655.76,-1322.49,1071.23,2.3185365200042725
1670.0,-880.0,1205.0,375.0,-2120.0,672.0,874.05,-1774.92,1053.3,2.322282552719116
1670.0,-880.0,1205.0,375.0,-2120.0,672.0,901.65,-1273.39,979.37,2.32846999168396
1670.0,-880.0,1205.0,375.0,-2120.0,672.0,1117.12,-1650.93,953.19,2.3332231044769287
1650.0,880.0,1220.0,950.0,2360.0,702.0,1310.1,1552.99,911.85,2.14615797996521
1650.0,880.0,1220.0,950.0,2360.0,702.0,1331.85,1567.09,926.82,2.158597707748413
1650.0,880.0,1220.0,950.0,2360.0,702.0,1263.4,1742.54,932.45,2.1596124172210693
1650.0,880.0,1220.0,950.0,2360.0,702.0,1197.84,1563.22,999.48,2.1652448177337646
1650.0,880.0,1220.0,950.0,2360.0,702.0,1202.81,1486.22,1016.97,2.1686370372772217
1650.0,880.0,1220.0,950.0,2360.0,702.0,1405.38,1417.94,940.57,2.169487714767456
1650.0,880.0,1220.0,950.0,2360.0,702.0,1307.1,1651.67,970.14,2.1793525218963623
1650.0,880.0,1220.0,950.0,2360.0,702.0,1315.07,1542.74,1002.17,2.1881539821624756
1650.0,880.0,1220.0,950.0,2360.0,702.0,1367.62,1915.82,931.99,2.1921279430389404
1650.0,880.0,1220.0,950.0,2360.0,702.0,1122.99,1372.15,1130.95,2.197491407394409
1670.0,-880.0,1205.0,825.0,-2120.0,672.0,1185.43,-1496.61,895.17,2.1870954036712646
1670.0,-880.0,1205.0,825.0,-2120.0,672.0,1235.48,-1674.11,916.04,2.1943395137786865
1670.0,-880.0,1205.0,825.0,-2120.0,672.0,1185.26,-1542.58,973.25,2.2198598384857178
1670.0,-880.0,1205.0,825.0,-2120.0,672.0,1191.77,-1351.02,943.24,2.22068190574646
1670.0,-880.0,1205.0,825.0,-2120.0,672.0,1275.98,-1366.55,932.72,2.2316224575042725
1670.0,-880.0,1205.0,825.0,-2120.0,672.0,1192.1,-1609.33,1010.24,2.233720541000366
1670.0,-880.0,1205.0,825.0,-2120.0,672.0,1210.97,-1676.73,1017.89,2.2365758419036865
1670.0,-880.0,1205.0,825.0,-2120.0,672.0,1211.17,-1324.91,982.84,2.2445409297943115
1670.0,-880.0,1205.0,825.0,-2120.0,672.0,1269.58,-1278.02,952.19,2.2454659938812256
1670.0,-880.0,1205.0,825.0,-2120.0,672.0,1258.53,-1501.63,1002.62,2.2509782314300537
1650.0,880.0,1220.0,250.0,2241.5,702.0,950.62,1577.55,888.16,2.2814881801605225
1650.0,880.0,1220.0,250.0,2241.5,702.0,761.68,1569.14,1000.01,2.294755697250366
1650.0,880.0,1220.0,250.0,2241.5,702.0,981.88,1235.96,992.89,2.3122575283050537
1650.0,880.0,1220.0,250.0,2241.5,702.0,924.6,1506.29,990.24,2.318580389022827
1650.0,880.0,1220.0,250.0,2241.5,702.0,985.73,1640.71,952.52,2.3221700191497803
1650.0,880.0,1220.0,250.0,2241.5,702.0,981.04,1587.15,965.71,2.3235795497894287
1650.0,880.0,1220.0,250.0,2241.5,702.0,854.65,1412.25,1045.89,2.3236119747161865
1650.0,880.0,1220.0,250.0,2241.5,702.0,942.33,1347.18,1021.79,2.3254048824310303
1650.0,880.0,1220.0,250.0,2241.5,702.0,895.14,1358.18,1062.36,2.3353421688079834
1650.0,880.0,1220.0,250.0,2241.5,702.0,947.72,1554.12,1030.47,2.344777822494507
1670.0,-880.0,1205.0,1065.0,-2120.0,672.0,1286.53,-1428.28,885.87,2.1312100887298584
1670.0,-880.0,1205.0,1065.0,-2120.0,672.0,1263.21,-1690.92,937.82,2.1321980953216553
1670.0,-880.0,1205.0,1065.0,-2120.0,672.0,1504.78,-1417.28,811.88,2.141509771347046
1670.0,-880.0,1205.0,1065.0,-2120.0,672.0,1351.95,-1531.41,921.87,2.1536920070648193
1670.0,-880.0,1205.0,1065.0,-2120.0,672.0,1357.75,-1239.44,879.75,2.1556127071380615
1670.0,-880.0,1205.0,1065.0,-2120.0,672.0,1388.79,-1715.42,944.84,2.1588571071624756
1670.0,-880.0,1205.0,1065.0,-2120.0,672.0,1453.73,-1806.64,957.57,2.171281576156616
1670.0,-880.0,1205.0,1065.0,-2120.0,672.0,1356.05,-1407.22,972.9,2.186815023422241
1670.0,-880.0,1205.0,1065.0,-2120.0,672.0,1426.63,-1527.11,966.12,2.189368963241577
1670.0,-880.0,1205.0,1065.0,-2120.0,672.0,1184.91,-1464.66,1064.44,2.19089674949646
1650.0,880.0,1220.0,250.0,2010.0,702.0,857.97,1273.18,754.59,2.166020154953003
1650.0,880.0,1220.0,250.0,2010.0,702.0,683.89,1338.46,851.54,2.18074107170105
1650.0,880.0,1220.0,250.0,2010.0,702.0,754.4,1487.97,895.3,2.2250125408172607
1650.0,880.0,1220.0,250.0,2010.0,702.0,802.17,972.59,1026.99,2.259594678878784
1650.0,880.0,1220.0,250.0,2010.0,702.0,1085.74,1309.1,877.66,2.2705953121185303
1650.0,880.0,1220.0,250.0,2010.0,702.0,682.69,1350.79,1054.96,2.2751147747039795
1650.0,880.0,1220.0,250.0,2010.0,702.0,704.94,1623.06,1006.57,2.2761590480804443
1650.0,880.0,1220.0,250.0,2010.0,702.0,850.0,1362.95,992.22,2.280385732650757
1650.0,880.0,1220.0,250.0,2010.0,702.0,673.54,1407.37,1081.25,2.2894599437713623
1650.0,880.0,1220.0,250.0,2010.0,702.0,1029.63,1563.2,940.32,2.306248426437378
1670.0,-880.0,1205.0,135.0,-2600.0,877.0,439.37,-1906.93,1058.24,2.213884115219116
1670.0,-880.0,1205.0,135.0,-2600.0,877.0,352.14,-1697.61,1080.2,2.2213780879974365
1670.0,-880.0,1205.0,135.0,-2600.0,877.0,588.43,-1922.08,1048.54,2.2382848262786865
1670.0,-880.0,1205.0,135.0,-2600.0,877.0,1053.93,-2020.53,944.29,2.276242971420288
1670.0,-880.0,1205.0,135.0,-2600.0,877.0,703.96,-1754.85,1055.68,2.276456594467163
1670.0,-880.0,1205.0,135.0,-2600.0,877.0,824.06,-1835.86,1028.41,2.281848669052124
1670.0,-880.0,1205.0,135.0,-2600.0,877.0,693.55,-1860.21,1098.02,2.2865216732025146
1670.0,-880.0,1205.0,135.0,-2600.0,877.0,759.79,-1679.28,1052.88,2.2916505336761475
1670.0,-880.0,1205.0,135.0,-2600.0,877.0,608.74,-1458.16,1089.86,2.2935826778411865
1670.0,-880.0,1205.0,135.0,-2600.0,877.0,829.87,-1769.84,1042.82,2.2944047451019287
1650.0,880.0,1220.0,537.5,2072.5,702.0,960.89,1375.4,913.52,2.178967237472534
1650.0,880.0,1220.0,537.5,2072.5,702.0,847.8,1663.98,929.27,2.1836307048797607
1650.0,880.0,1220.0,537.5,2072.5,702.0,904.17,1412.93,943.28,2.1841161251068115
1650.0,880.0,1220.0,537.5,2072.5,702.0,1126.18,1201.54,879.48,2.1841514110565186
1650.0,880.0,1220.0,537.5,2072.5,702.0,1032.06,1402.51,921.51,2.198484182357788
1650.0,880.0,1220.0,537.5,2072.5,702.0,790.69,1368.82,1032.27,2.1991536617279053
1650.0,880.0,1220.0,537.5,2072.5,702.0,925.86,1716.51,946.2,2.2108027935028076
1650.0,880.0,1220.0,537.5,2072.5,702.0,1126.42,1423.91,953.46,2.2338616847991943
1650.0,880.0,1220.0,537.5,2072.5,702.0,1136.48,1338.61,966.68,2.2361562252044678
1650.0,880.0,1220.0,537.5,2072.5,702.0,935.47,1353.22,1052.45,2.2367236614227295
1670.0,-880.0,1205.0,375.0,-2600.0,877.0,710.54,-1334.51,975.86,2.1935861110687256
1670.0,-880.0,1205.0,375.0,-2600.0,877.0,830.83,-1999.3,1055.04,2.2079598903656006
1670.0,-880.0,1205.0,375.0,-2600.0,877.0,779.49,-1861.98,1061.49,2.209899663925171
1670.0,-880.0,1205.0,375.0,-2600.0,877.0,883.2,-2322.67,1095.3,2.2141053676605225
1670.0,-880.0,1205.0,375.0,-2600.0,877.0,709.67,-1394.74,1038.25,2.2181737422943115
1670.0,-880.0,1205.0,375.0,-2600.0,877.0,744.78,-1658.69,1122.2,2.245177984237671
1670.0,-880.0,1205.0,375.0,-2600.0,877.0,1075.89,-2017.12,1039.93,2.2486379146575928
1670.0,-880.0,1205.0,375.0,-2600.0,877.0,828.27,-1541.16,1082.63,2.2521722316741943
1670.0,-880.0,1205.0,375.0,-2600.0,877.0,1099.8,-1741.76,1005.4,2.256274938583374
1670.0,-880.0,1205.0,375.0,-2600.0,877.0,955.59,-1850.35,1090.55,2.259315252304077
1650.0,880.0,1220.0,775.0,2072.5,702.0,1219.14,1520.51,913.22,2.1646478176116943
1650.0,880.0,1220.0,775.0,2072.5,702.0,1025.06,1396.2,1018.81,2.1660783290863037
1650.0,880.0,1220.0,775.0,2072.5,702.0,1166.55,1338.31,985.55,2.175287961959839
1650.0,880.0,1220.0,775.0,2072.5,702.0,1218.37,1496.23,950.95,2.1802337169647217
1650.0,880.0,1220.0,775.0,2072.5,702.0,888.34,1534.08,1090.27,2.1812922954559326
1650.0,880.0,1220.0,775.0,2072.5,702.0,1271.19,1585.95,928.42,2.186718702316284
1650.0,880.0,1220.0,775.0,2072.5,702.0,1073.6,1471.67,1036.98,2.189645528793335
1650.0,880.0,1220.0,775.0,2072.5,702.0,1143.17,1646.99,989.3,2.1939733028411865
1650.0,880.0,1220.0,775.0,2072.5,702.0,1250.64,1284.02,1012.78,2.2004811763763428
1650.0,880.0,1220.0,775.0,2072.5,702.0,1176.86,1619.56,995.84,2.2015254497528076
1670.0,-880.0,1205.0,825.0,-2600.0,877.0,920.8,-1719.61,1053.11,2.100898504257202
1670.0,-880.0,1205.0,825.0,-2600.0,877.0,1107.9,-2134.19,1099.81,2.13089919090271
1670.0,-880.0,1205.0,825.0,-2600.0,877.0,1223.93,-2134.08,1060.79,2.136155843734741
1670.0,-880.0,1205.0,825.0,-2600.0,877.0,1040.68,-1607.58,1063.42,2.1369874477386475
1670.0,-880.0,1205.0,825.0,-2600.0,877.0,1111.56,-1905.18,1078.24,2.13767409324646
1670.0,-880.0,1205.0,825.0,-2600.0,877.0,1218.47,-1452.85,968.47,2.1397435665130615
1670.0,-880.0,1205.0,825.0,-2600.0,877.0,1179.77,-1968.8,1066.46,2.1413686275482178
1670.0,-880.0,1205.0,825.0,-2600.0,877.0,1167.67,-1662.16,1045.89,2.1506669521331787
1670.0,-880.0,1205.0,825.0,-2600.0,877.0,1184.68,-2083.52,1105.24,2.152147054672241
1670.0,-880.0,1205.0,825.0,-2600.0,877.0,1286.83,-1764.03,1033.07,2.161487340927124
1650.0,880.0,1220.0,1012.5,2072.5,702.0,1295.31,1413.44,925.23,2.1024816036224365
1650.0,880.0,1220.0,1012.5,2072.5,702.0,1323.15,1409.76,951.1,2.1196658611297607
1650.0,880.0,1220.0,1012.5,2072.5,702.0,1269.04,1518.8,985.48,2.1323373317718506
1650.0,880.0,1220.0,1012.5,2072.5,702.0,1388.6,1286.54,981.14,2.137676477432251
1650.0,880.0,1220.0,1012.5,2072.5,702.0,1186.07,1595.18,1032.26,2.142333745956421
1650.0,880.0,1220.0,1012.5,2072.5,702.0,1271.71,1408.87,1031.71,2.146270513534546
1650.0,880.0,1220.0,1012.5,2072.5,702.0,1292.28,1564.24,1000.26,2.147062063217163
1650.0,880.0,1220.0,1012.5,2072.5,702.0,1274.56,1227.19,1059.56,2.1471669673919678
1650.0,880.0,1220.0,1012.5,2072.5,702.0,1322.87,1623.47,982.59,2.1490819454193115
1650.0,880.0,1220.0,1012.5,2072.5,702.0,1243.25,1325.48,1067.31,2.151296854019165
1670.0,-880.0,1205.0,1065.0,-2600.0,877.0,1253.27,-2028.41,1045.72,2.0657193660736084
1670.0,-880.0,1205.0,1065.0,-2600.0,877.0,1213.27,-1823.35,1064.54,2.0807912349700928
1670.0,-880.0,1205.0,1065.0,-2600.0,877.0,1319.95,-1997.3,1064.77,2.0899293422698975
1670.0,-880.0,1205.0,1065.0,-2600.0,877.0,1230.62,-1909.48,1114.57,2.1014134883880615
1670.0,-880.0,1205.0,1065.0,-2600.0,877.0,1298.32,-1673.77,1057.47,2.1048104763031006
1670.0,-880.0,1205.0,1065.0,-2600.0,877.0,1353.03,-1795.83,1061.26,2.1090409755706787
1670.0,-880.0,1205.0,1065.0,-2600.0,877.0,1383.79,-1810.15,1064.12,2.115403890609741
1670.0,-880.0,1205.0,1065.0,-2600.0,877.0,1346.13,-1570.25,1044.12,2.1154897212982178
1670.0,-880.0,1205.0,1065.0,-2600.0,877.0,1315.59,-1871.34,1109.43,2.118234395980835
1670.0,-880.0,1205.0,1065.0,-2600.0,877.0,1354.87,-1743.25,1078.77,2.1210668087005615
1650.0,880.0,1220.0,187.5,2647.5,922.0,772.29,1535.97,1035.93,2.2893311977386475
1650.0,880.0,1220.0,187.5,2647.5,922.0,687.93,1145.84,1139.35,2.2930715084075928
1650.0,880.0,1220.0,187.5,2647.5,922.0,742.66,1575.62,1092.14,2.312324285507202
1650.0,880.0,1220.0,187.5,2647.5,922.0,594.53,1661.55,1168.85,2.3236958980560303
1650.0,880.0,1220.0,187.5,2647.5,922.0,675.83,2297.95,1063.79,2.3358094692230225
1650.0,880.0,1220.0,187.5,2647.5,922.0,812.85,2041.8,1047.87,2.3383843898773193
1650.0,880.0,1220.0,187.5,2647.5,922.0,837.47,1892.94,1084.09,2.3491342067718506
1650.0,880.0,1220.0,187.5,2647.5,922.0,852.03,1747.76,1114.68,2.356250524520874
1650.0,880.0,1220.0,187.5,2647.5,922.0,855.76,1741.64,1124.11,2.3612687587738037
1650.0,880.0,1220.0,187.5,2647.5,922.0,625.29,2057.59,1195.2,2.369523763656616
1670.0,-880.0,1205.0,210.0,-2285.0,877.0,664.62,-1694.84,1051.18,2.2658727169036865
1670.0,-880.0,1205.0,210.0,-2285.0,877.0,737.77,-1579.25,1029.84,2.278581380844116
1670.0,-880.0,1205.0,210.0,-2285.0,877.0,730.01,-1717.73,1087.17,2.293771505355835
1670.0,-880.0,1205.0,210.0,-2285.0,877.0,616.64,-1572.78,1136.54,2.3038861751556396
1670.0,-880.0,1205.0,210.0,-2285.0,877.0,837.51,-1739.24,1132.43,2.334726095199585
1670.0,-880.0,1205.0,210.0,-2285.0,877.0,858.49,-1549.23,1097.26,2.3360135555267334
1670.0,-880.0,1205.0,210.0,-2285.0,877.0,926.88,-1489.1,1069.02,2.3403098583221436
1670.0,-880.0,1205.0,210.0,-2285.0,877.0,912.21,-1909.01,1139.65,2.341216802597046
1670.0,-880.0,1205.0,210.0,-2285.0,877.0,808.18,-1473.81,1131.26,2.3465373516082764
1670.0,-880.0,1205.0,210.0,-2285.0,877.0,936.12,-1577.6,1091.06,2.3466756343841553
1650.0,880.0,1220.0,425.0,2647.5,922.0,809.02,1614.45,1022.84,2.2201993465423584
1650.0,880.0,1220.0,425.0,2647.5,922.0,598.71,1877.76,1182.54,2.2706239223480225
1650.0,880.0,1220.0,425.0,2647.5,922.0,929.95,1794.94,1053.96,2.2711427211761475
1650.0,880.0,1220.0,425.0,2647.5,922.0,900.97,1640.63,1113.92,2.282489538192749
1650.0,880.0,1220.0,425.0,2647.5,922.0,1010.24,1532.01,1084.49,2.283101797103882
1650.0,880.0,1220.0,425.0,2647.5,922.0,927.98,1922.95,1070.33,2.2875077724456787
1650.0,880.0,1220.0,425.0,2647.5,922.0,1019.33,1309.44,1136.59,2.2935407161712646
1650.0,880.0,1220.0,425.0,2647.5,922.0,1120.14,1548.78,1066.33,2.2980077266693115
1650.0,880.0,1220.0,425.0,2647.5,922.0,1069.5,1640.4,1077.56,2.29929518699646
1650.0,880.0,1220.0,425.0,2647.5,922.0,972.73,1972.66,1074.51,2.3019826412200928
1670.0,-880.0,1205.0,600.0,-2285.0,877.0,763.14,-1589.84,991.04,2.140601873397827
1670.0,-880.0,1205.0,600.0,-2285.0,877.0,1062.42,-2054.13,1021.16,2.1818177700042725
1670.0,-880.0,1205.0,600.0,-2285.0,877.0,1016.24,-1806.22,1062.46,2.2089955806732178
1670.0,-880.0,1205.0,600.0,-2285.0,877.0,935.89,-1766.93,1153.88,2.237903356552124
1670.0,-880.0,1205.0,600.0,-2285.0,877.0,933.57,-1527.14,1125.38,2.2410523891448975
1670.0,-880.0,1205.0,600.0,-2285.0,877.0,1367.31,-1742.88,974.67,2.243070363998413
1670.0,-880.0,1205.0,600.0,-2285.0,877.0,1022.9,-1645.93,1116.09,2.2462708950042725
1670.0,-880.0,1205.0,600.0,-2285.0,877.0,1195.5,-1628.43,1040.49,2.2469022274017334
1670.0,-880.0,1205.0,600.0,-2285.0,877.0,1347.77,-1764.76,1007.41,2.252624273300171
1670.0,-880.0,1205.0,600.0,-2285.0,877.0,1080.2,-1711.65,1118.38,2.254140615463257
1650.0,880.0,1220.0,662.5,2647.5,922.0,1109.27,1340.3,1015.78,2.182239294052124
1650.0,880.0,1220.0,662.5,2647.5,922.0,1269.92,1344.57,1031.9,2.2218854427337646
1650.0,880.0,1220.0,662.5,2647.5,922.0,968.21,1805.47,1103.51,2.2265851497650146
1650.0,880.0,1220.0,662.5,2647.5,922.0,1144.83,1946.49,1006.37,2.2272450923919678
1650.0,880.0,1220.0,662.5,2647.5,922.0,950.24,1806.39,1125.53,2.2334039211273193
1650.0,880.0,1220.0,662.5,2647.5,922.0,1060.91,1484.29,1139.38,2.2389256954193115
1650.0,880.0,1220.0,662.5,2647.5,922.0,1076.81,1647.78,1115.43,2.2430169582366943
1650.0,880.0,1220.0,662.5,2647.5,922.0,1230.42,1728.97,1047.16,2.247941732406616
1650.0,880.0,1220.0,662.5,2647.5,922.0,1236.88,1614.79,1062.24,2.248298406600952
1650.0,880.0,1220.0,662.5,2647.5,922.0,1175.2,1389.74,1129.64,2.2511727809906006
1670.0,-880.0,1205.0,990.0,-2285.0,877.0,1253.9,-1979.01,1060.84,2.119222402572632
1670.0,-880.0,1205.0,990.0,-2285.0,877.0,1348.86,-1783.45,1027.18,2.136249303817749
1670.0,-880.0,1205.0,990.0,-2285.0,877.0,1282.4,-2014.72,1104.43,2.142629384994507
1670.0,-880.0,1205.0,990.0,-2285.0,877.0,1259.3,-1321.34,1032.03,2.1528890132904053
1670.0,-880.0,1205.0,990.0,-2285.0,877.0,1160.85,-1460.59,1106.98,2.1580770015716553
1670.0,-880.0,1205.0,990.0,-2285.0,877.0,1333.67,-1541.31,1044.26,2.1581761837005615
1670.0,-880.0,1205.0,990.0,-2285.0,877.0,1257.61,-1502.9,1077.22,2.1605889797210693
1670.0,-880.0,1205.0,990.0,-2285.0,877.0,1263.39,-1616.64,1093.25,2.1614015102386475
1670.0,-880.0,1205.0,990.0,-2285.0,877.0,1437.02,-1776.8,1044.55,2.1622045040130615
1670.0,-880.0,1205.0,990.0,-2285.0,877.0,1292.32,-1290.12,1033.9,2.162259817123413
1650.0,880.0,1220.0,950.0,2710.0,922.0,1116.74,1662.66,1062.09,2.1393344402313232
1650.0,880.0,1220.0,950.0,2710.0,922.0,967.36,1568.93,1159.88,2.1482760906219482
1650.0,880.0,1220.0,950.0,2710.0,922.0,1120.65,1603.54,1132.46,2.168485403060913
1650.0,880.0,1220.0,950.0,2710.0,922.0,1376.45,1545.29,1038.94,2.172109365463257
1650.0,880.0,1220.0,950.0,2710.0,922.0,1356.6,1528.43,1053.9,2.1743505001068115
1650.0,880.0,1220.0,950.0,2710.0,922.0,1254.93,1931.47,1041.95,2.176633596420288
1650.0,880.0,1220.0,950.0,2710.0,922.0,1177.6,2107.26,1053.41,2.178962469100952
1650.0,880.0,1220.0,950.0,2710.0,922.0,1340.98,1959.86,1015.73,2.1835248470306396
1650.0,880.0,1220.0,950.0,2710.0,922.0,1350.64,1661.43,1060.83,2.185828924179077
1650.0,880.0,1220.0,950.0,2710.0,922.0,1278.52,1503.81,1118.94,2.1869122982025146
1670.0,-880.0,1205.0,210.0,-2045.0,877.0,773.87,-1521.19,1035.48,2.3070895671844482
1670.0,-880.0,1205.0,210.0,-2045.0,877.0,786.8,-1535.83,1045.49,2.313251256942749
1670.0,-880.0,1205.0,210.0,-2045.0,877.0,685.93,-1233.53,1046.69,2.3146817684173584
1670.0,-880.0,1205.0,210.0,-2045.0,877.0,722.32,-1642.69,1093.09,2.314976453781128
1670.0,-880.0,1205.0,210.0,-2045.0,877.0,794.65,-1288.0,1009.67,2.31561541557312
1670.0,-880.0,1205.0,210.0,-2045.0,877.0,837.18,-1393.37,1020.64,2.3217055797576904
1670.0,-880.0,1205.0,210.0,-2045.0,877.0,763.23,-1171.64,1032.45,2.327894926071167
1670.0,-880.0,1205.0,210.0,-2045.0,877.0,996.66,-1353.35,985.14,2.3398778438568115
1670.0,-880.0,1205.0,210.0,-2045.0,877.0,973.47,-1468.22,1016.32,2.3415420055389404
1670.0,-880.0,1205.0,210.0,-2045.0,877.0,911.43,-1704.26,1078.86,2.3419034481048584
1650.0,880.0,1220.0,250.0,2360.0,922.0,652.16,1554.33,1084.18,2.2515580654144287
1650.0,880.0,1220.0,250.0,2360.0,922.0,701.22,1490.66,1125.47,2.275928258895874
1650.0,880.0,1220.0,250.0,2360.0,922.0,640.22,1459.46,1157.22,2.2763288021087646
1650.0,880.0,1220.0,250.0,2360.0,922.0,909.37,1596.95,1050.79,2.290048360824585
1650.0,880.0,1220.0,250.0,2360.0,922.0,772.23,1513.8,1124.59,2.291208028793335
1650.0,880.0,1220.0,250.0,2360.0,922.0,792.89,1533.14,1118.79,2.2939069271087646
1650.0,880.0,1220.0,250.0,2360.0,922.0,846.26,1656.91,1089.16,2.299527883529663
1650.0,880.0,1220.0,250.0,2360.0,922.0,802.17,1584.65,1125.8,2.3026483058929443
1650.0,880.0,1220.0,250.0,2360.0,922.0,874.34,1772.75,1067.39,2.303199529647827
1650.0,880.0,1220.0,250.0,2360.0,922.0,608.15,1856.58,1177.54,2.306609869003296
1670.0,-880.0,1205.0,600.0,-2045.0,877.0,1103.72,-1385.07,928.06,2.2083165645599365
1670.0,-880.0,1205.0,600.0,-2045.0,877.0,906.04,-1225.6,1011.28,2.218381643295288
1670.0,-880.0,1205.0,600.0,-2045.0,877.0,900.96,-1430.24,1116.61,2.2517507076263428
1670.0,-880.0,1205.0,600.0,-2045.0,877.0,1330.04,-1626.05,962.07,2.2525060176849365
1670.0,-880.0,1205.0,600.0,-2045.0,877.0,1154.63,-1311.95,1004.17,2.258931875228882
1670.0,-880.0,1205.0,600.0,-2045.0,877.0,964.96,-1517.24,1122.41,2.261066198348999
1670.0,-880.0,1205.0,600.0,-2045.0,877.0,1159.3,-1558.04,1045.74,2.261735677719116
1670.0,-880.0,1205.0,600.0,-2045.0,877.0,1092.83,-1489.74,1073.31,2.2658956050872803
1670.0,-880.0,1205.0,600.0,-2045.0,877.0,1089.68,-1465.75,1073.71,2.2671468257904053
1670.0,-880.0,1205.0,600.0,-2045.0,877.0,1103.95,-1371.15,1054.02,2.2673566341400146
1650.0,880.0,1220.0,600.0,2360.0,922.0,962.2,1322.97,1070.98,2.179502248764038
1650.0,880.0,1220.0,600.0,2360.0,922.0,972.19,1554.19,1070.77,2.1974990367889404
1650.0,880.0,1220.0,600.0,2360.0,922.0,956.15,1675.14,1061.03,2.1980645656585693
1650.0,880.0,1220.0,600.0,2360.0,922.0,987.55,1406.07,1088.69,2.1985042095184326
1650.0,880.0,1220.0,600.0,2360.0,922.0,916.94,1546.71,1099.34,2.19916033744812
1650.0,880.0,1220.0,600.0,2360.0,922.0,926.93,1642.34,1093.91,2.2051808834075928
1650.0,880.0,1220.0,600.0,2360.0,922.0,1049.11,1395.27,1115.15,2.222210645675659
1650.0,880.0,1220.0,600.0,2360.0,922.0,1099.74,1601.51,1074.63,2.22812819480896
1650.0,880.0,1220.0,600.0,2360.0,922.0,1243.16,1340.7,1054.3,2.2292211055755615
1650.0,880.0,1220.0,600.0,2360.0,922.0,965.92,1534.87,1159.87,2.235830068588257
1670.0,-880.0,1205.0,990.0,-2045.0,877.0,1337.52,-1509.82,952.09,2.1328847408294678
1670.0,-880.0,1205.0,990.0,-2045.0,877.0,1310.14,-1698.89,1037.65,2.1536900997161865
1670.0,-880.0,1205.0,990.0,-2045.0,877.0,1179.76,-1218.84,1027.55,2.1568410396575928
1670.0,-880.0,1205.0,990.0,-2045.0,877.0,1131.78,-1580.81,1124.4,2.166522741317749
1670.0,-880.0,1205.0,990.0,-2045.0,877.0,1192.53,-1425.76,1082.38,2.1698319911956787
1670.0,-880.0,1205.0,990.0,-2045.0,877.0,1234.19,-1447.47,1078.97,2.175170660018921
1670.0,-880.0,1205.0,990.0,-2045.0,877.0,1389.66,-1337.94,1011.44,2.1827123165130615
1670.0,-880.0,1205.0,990.0,-2045.0,877.0,1309.12,-1276.04,1052.62,2.1900365352630615
1670.0,-880.0,1205.0,990.0,-2045.0,877.0,1299.11,-1413.56,1078.59,2.19046950340271
1670.0,-880.0,1205.0,990.0,-2045.0,877.0,1275.83,-1297.6,1082.35,2.195573568344116
1650.0,880.0,1220.0,950.0,2478.5,922.0,1081.49,1703.53,1068.75,2.1244237422943115
1650.0,880.0,1220.0,950.0,2478.5,922.0,1266.3,1597.87,1023.2,2.132502317428589
1650.0,880.0,1220.0,950.0,2478.5,922.0,1312.14,1436.5,1054.5,2.145263433456421
1650.0,880.0,1220.0,950.0,2478.5,922.0,1365.26,1600.25,1012.05,2.14731764793396
1650.0,880.0,1220.0,950.0,2478.5,922.0,1149.79,1674.03,1103.69,2.152148962020874
1650.0,880.0,1220.0,950.0,2478.5,922.0,1210.93,1612.25,1101.85,2.159261465072632
1650.0,880.0,1220.0,950.0,2478.5,922.0,1298.07,1332.46,1115.22,2.163116216659546
1650.0,880.0,1220.0,950.0,2478.5,922.0,1310.47,1688.9,1057.18,2.163469076156616
1650.0,880.0,1220.0,950.0,2478.5,922.0,1324.74,1371.41,1100.92,2.1647937297821045
1650.0,880.0,1220.0,950.0,2478.5,922.0,1207.15,1884.77,1106.33,2.1792819499969482
1670.0,-880.0,1205.0,210.0,-2675.0,1082.0,677.35,-1832.35,1110.19,2.2006566524505615
1670.0,-880.0,1205.0,210.0,-2675.0,1082.0,700.44,-2020.78,1165.18,2.217273473739624
1670.0,-880.0,1205.0,210.0,-2675.0,1082.0,731.58,-1935.5,1152.25,2.2235562801361084
1670.0,-880.0,1205.0,210.0,-2675.0,1082.0,837.99,-1968.52,1141.42,2.237365484237671
1670.0,-880.0,1205.0,210.0,-2675.0,1082.0,715.52,-1503.93,1158.28,2.2530858516693115
1670.0,-880.0,1205.0,210.0,-2675.0,1082.0,884.14,-1978.21,1157.83,2.2536332607269287
1670.0,-880.0,1205.0,210.0,-2675.0,1082.0,835.0,-1855.91,1164.76,2.255513906478882
1670.0,-880.0,1205.0,210.0,-2675.0,1082.0,904.04,-2026.58,1169.21,2.2596547603607178
1670.0,-880.0,1205.0,210.0,-2675.0,1082.0,862.72,-1802.05,1154.91,2.2598283290863037
1670.0,-880.0,1205.0,210.0,-2675.0,1082.0,805.66,-1833.88,1185.9,2.261005163192749
1650.0,880.0,1220.0,187.5,2072.5,922.0,596.77,1531.5,1083.49,2.2409074306488037
1650.0,880.0,1220.0,187.5,2072.5,922.0,662.66,1369.95,1114.47,2.2571218013763428
1650.0,880.0,1220.0,187.5,2072.5,922.0,816.63,1433.67,1051.17,2.2633416652679443
1650.0,880.0,1220.0,187.5,2072.5,922.0,840.65,1771.21,1007.2,2.271024465560913
1650.0,880.0,1220.0,187.5,2072.5,922.0,823.04,1346.96,1096.24,2.278959035873413
1650.0,880.0,1220.0,187.5,2072.5,922.0,752.7,1370.4,1125.16,2.280158758163452
1650.0,880.0,1220.0,187.5,2072.5,922.0,632.38,1510.76,1177.12,2.2899129390716553
1650.0,880.0,1220.0,187.5,2072.5,922.0,656.6,1379.95,1191.53,2.292245626449585
1650.0,880.0,1220.0,187.5,2072.5,922.0,788.22,1490.74,1121.12,2.293832540512085
1650.0,880.0,1220.0,187.5,2072.5,922.0,871.76,1485.14,1088.47,2.295213460922241
1670.0,-880.0,1205.0,600.0,-2675.0,1082.0,940.02,-1680.76,1114.21,2.140807867050171
1670.0,-880.0,1205.0,600.0,-2675.0,1082.0,1020.96,-2030.48,1151.52,2.150134801864624
1670.0,-880.0,1205.0,600.0,-2675.0,1082.0,859.49,-1709.4,1181.09,2.153684377670288
1670.0,-880.0,1205.0,600.0,-2675.0,1082.0,840.3,-1866.45,1215.19,2.1544549465179443
1670.0,-880.0,1205.0,600.0,-2675.0,1082.0,1051.68,-1937.67,1141.43,2.1580827236175537
1670.0,-880.0,1205.0,600.0,-2675.0,1082.0,936.99,-1580.03,1147.59,2.162767171859741
1670.0,-880.0,1205.0,600.0,-2675.0,1082.0,1029.9,-1843.65,1148.66,2.1634480953216553
1670.0,-880.0,1205.0,600.0,-2675.0,1082.0,1086.99,-1689.03,1131.3,2.177467107772827
1670.0,-880.0,1205.0,600.0,-2675.0,1082.0,1226.31,-2065.86,1139.13,2.1829240322113037
1670.0,-880.0,1205.0,600.0,-2675.0,1082.0,1077.51,-1664.48,1155.43,2.1886231899261475
1650.0,880.0,1220.0,425.0,2072.5,922.0,768.7,1407.91,985.84,2.146265745162964
1650.0,880.0,1220.0,425.0,2072.5,922.0,832.14,1401.28,1023.3,2.175461530685425
1650.0,880.0,1220.0,425.0,2072.5,922.0,673.81,1421.86,1116.0,2.1883370876312256
1650.0,880.0,1220.0,425.0,2072.5,922.0,683.58,1667.12,1090.59,2.195403814315796
1650.0,880.0,1220.0,425.0,2072.5,922.0,901.63,1248.44,1061.18,2.1959359645843506
1650.0,880.0,1220.0,425.0,2072.5,922.0,806.71,1372.3,1096.75,2.2021710872650146
1650.0,880.0,1220.0,425.0,2072.5,922.0,872.21,1326.87,1088.82,2.208038091659546
1650.0,880.0,1220.0,425.0,2072.5,922.0,883.92,1343.23,1086.33,2.210468053817749
1650.0,880.0,1220.0,425.0,2072.5,922.0,961.78,1155.58,1080.94,2.210569143295288
1650.0,880.0,1220.0,425.0,2072.5,922.0,964.46,1458.78,1043.71,2.2155816555023193
1670.0,-880.0,1205.0,990.0,-2675.0,1082.0,1162.32,-2228.5,1150.81,2.039703130722046
1670.0,-880.0,1205.0,990.0,-2675.0,1082.0,1253.08,-2259.49,1134.15,2.047654867172241
1670.0,-880.0,1205.0,990.0,-2675.0,1082.0,1196.1,-2271.96,1163.82,2.0492494106292725
1670.0,-880.0,1205.0,990.0,-2675.0,1082.0,1348.06,-2065.31,1141.03,2.083566427230835
1670.0,-880.0,1205.0,990.0,-2675.0,1082.0,1190.81,-1610.35,1143.3,2.084777593612671
1670.0,-880.0,1205.0,990.0,-2675.0,1082.0,1250.59,-1730.12,1141.11,2.0872819423675537
1670.0,-880.0,1205.0,990.0,-2675.0,1082.0,1266.29,-1813.25,1147.25,2.0875375270843506
1670.0,-880.0,1205.0,990.0,-2675.0,1082.0,1246.77,-1898.68,1175.38,2.090747594833374
1670.0,-880.0,1205.0,990.0,-2675.0,1082.0,1208.49,-1932.53,1200.13,2.0920827388763428
1670.0,-880.0,1205.0,990.0,-2675.0,1082.0,1328.23,-2136.72,1182.92,2.0937917232513428
1650.0,880.0,1220.0,662.5,2072.5,922.0,867.1,1442.02,1045.3,2.119910955429077
1650.0,880.0,1220.0,662.5,2072.5,922.0,904.48,1628.62,1049.17,2.1417558193206787
1650.0,880.0,1220.0,662.5,2072.5,922.0,935.5,1474.97,1080.91,2.1520040035247803
1650.0,880.0,1220.0,662.5,2072.5,922.0,1021.88,1357.35,1075.39,2.1584622859954834
1650.0,880.0,1220.0,662.5,2072.5,922.0,1066.57,1466.82,1050.14,2.1634461879730225
1650.0,880.0,1220.0,662.5,2072.5,922.0,1026.0,1266.26,1126.11,2.1762263774871826
1650.0,880.0,1220.0,662.5,2072.5,922.0,1027.41,1593.05,1083.25,2.1796205043792725
1650.0,880.0,1220.0,662.5,2072.5,922.0,1055.78,1363.92,1107.33,2.1801908016204834
1650.0,880.0,1220.0,662.5,2072.5,922.0,1241.66,1393.5,1038.04,2.1877896785736084
1650.0,880.0,1220.0,662.5,2072.5,922.0,1217.79,1679.39,1024.54,2.196770429611206
1670.0,-880.0,1205.0,210.0,-2435.0,1082.0,542.09,-1450.24,1147.16,2.231614828109741
1670.0,-880.0,1205.0,210.0,-2435.0,1082.0,488.25,-1270.64,1147.24,2.2333505153656006
1670.0,-880.0,1205.0,210.0,-2435.0,1082.0,621.54,-1885.38,1196.51,2.240161657333374
1670.0,-880.0,1205.0,210.0,-2435.0,1082.0,637.9,-1536.69,1143.12,2.242696523666382
1670.0,-880.0,1205.0,210.0,-2435.0,1082.0,810.67,-1840.43,1158.48,2.2636659145355225
1670.0,-880.0,1205.0,210.0,-2435.0,1082.0,780.66,-1554.11,1173.6,2.284127950668335
1670.0,-880.0,1205.0,210.0,-2435.0,1082.0,1027.08,-1885.67,1117.77,2.284423589706421
1670.0,-880.0,1205.0,210.0,-2435.0,1082.0,834.46,-1597.81,1161.94,2.28659987449646
1670.0,-880.0,1205.0,210.0,-2435.0,1082.0,799.49,-1687.25,1190.97,2.2866570949554443
1670.0,-880.0,1205.0,210.0,-2435.0,1082.0,882.5,-1864.49,1187.1,2.2891042232513428
1650.0,880.0,1220.0,950.0,2241.5,922.0,1097.58,1318.3,1116.04,2.1081817150115967
1650.0,880.0,1220.0,950.0,2241.5,922.0,1309.67,1338.19,1049.38,2.1208913326263428
1650.0,880.0,1220.0,950.0,2241.5,922.0,1120.38,1478.36,1130.0,2.1308095455169678
1650.0,880.0,1220.0,950.0,2241.5,922.0,1146.46,1654.92,1108.63,2.1378257274627686
1650.0,880.0,1220.0,950.0,2241.5,922.0,1248.59,1544.72,1082.11,2.138396978378296
1650.0,880.0,1220.0,950.0,2241.5,922.0,1374.77,1471.82,1048.11,2.142770528793335
1650.0,880.0,1220.0,950.0,2241.5,922.0,1297.01,1608.77,1064.77,2.144697904586792
1650.0,880.0,1220.0,950.0,2241.5,922.0,1221.09,1341.0,1151.35,2.1505563259124756
1650.0,880.0,1220.0,950.0,2241.5,922.0,1164.96,1651.18,1145.48,2.1585137844085693
1650.0,880.0,1220.0,950.0,2241.5,922.0,1278.25,1452.93,1136.1,2.1631486415863037
1670.0,-880.0,1205.0,600.0,-2435.0,1082.0,1025.93,-1993.81,1116.49,2.151954412460327
1670.0,-880.0,1205.0,600.0,-2435.0,1082.0,1016.63,-2087.76,1152.24,2.1597211360931396
1670.0,-880.0,1205.0,600.0,-2435.0,1082.0,914.8,-1716.57,1144.65,2.161933660507202
1670.0,-880.0,1205.0,600.0,-2435.0,1082.0,915.29,-1609.53,1138.59,2.1666486263275146
1670.0,-880.0,1205.0,600.0,-2435.0,1082.0,1016.38,-1795.34,1142.1,2.175431966781616
1670.0,-880.0,1205.0,600.0,-2435.0,1082.0,958.71,-1659.09,1148.23,2.1763341426849365
1670.0,-880.0,1205.0,600.0,-2435.0,1082.0,937.88,-1499.97,1133.93,2.176828145980835
1670.0,-880.0,1205.0,600.0,-2435.0,1082.0,1097.37,-1856.68,1159.7,2.1955716609954834
1670.0,-880.0,1205.0,600.0,-2435.0,1082.0,1092.59,-1752.16,1152.29,2.1985814571380615
1670.0,-880.0,1205.0,600.0,-2435.0,1082.0,1043.36,-1788.24,1183.81,2.2006661891937256
1650.0,880.0,1220.0,950.0,2010.0,922.0,1043.3,1492.96,1014.85,2.0484893321990967
1650.0,880.0,1220.0,950.0,2010.0,922.0,1234.02,1149.37,1088.8,2.0969016551971436
1650.0,880.0,1220.0,950.0,2010.0,922.0,1337.76,1208.93,1056.07,2.106966733932495
1650.0,880.0,1220.0,950.0,2010.0,922.0,1223.1,1181.41,1113.3,2.1083571910858154
1650.0,880.0,1220.0,950.0,2010.0,922.0,1178.62,1609.16,1077.41,2.1128861904144287
1650.0,880.0,1220.0,950.0,2010.0,922.0,1186.54,1559.88,1098.7,2.1205451488494873
1650.0,880.0,1220.0,950.0,2010.0,922.0,1053.07,1485.04,1168.59,2.120940923690796
1650.0,880.0,1220.0,950.0,2010.0,922.0,1215.98,1217.41,1155.44,2.1285321712493896
1650.0,880.0,1220.0,950.0,2010.0,922.0,1348.79,1230.64,1104.88,2.1329009532928467
1650.0,880.0,1220.0,950.0,2010.0,922.0,1211.35,1599.21,1111.45,2.134190320968628
1670.0,-880.0,1205.0,990.0,-2435.0,1082.0,1200.49,-1546.88,1134.06,2.1015050411224365
1670.0,-880.0,1205.0,990.0,-2435.0,1082.0,1303.48,-1837.15,1146.68,2.10776686668396
1670.0,-880.0,1205.0,990.0,-2435.0,1082.0,1107.95,-1366.03,1178.63,2.11625075340271
1670.0,-880.0,1205.0,990.0,-2435.0,1082.0,1312.64,-1602.65,1126.77,2.1167752742767334
1670.0,-880.0,1205.0,990.0,-2435.0,1082.0,1388.8,-1810.6,1150.48,2.128680944442749
1670.0,-880.0,1205.0,990.0,-2435.0,1082.0,1380.2,-1732.05,1144.51,2.1294705867767334
1670.0,-880.0,1205.0,990.0,-2435.0,1082.0,1288.67,-1384.24,1137.73,2.1320912837982178
1670.0,-880.0,1205.0,990.0,-2435.0,1082.0,1389.08,-1799.56,1161.16,2.1341893672943115
1670.0,-880.0,1205.0,990.0,-2435.0,1082.0,1315.56,-1543.42,1156.9,2.135202169418335
1670.0,-880.0,1205.0,990.0,-2435.0,1082.0,1313.13,-1674.59,1180.89,2.1368978023529053
1650.0,880.0,1220.0,250.0,2710.0,1142.0,626.74,1683.78,1189.66,2.2587411403656006
1650.0,880.0,1220.0,250.0,2710.0,1142.0,739.52,1482.09,1181.04,2.263120412826538
1650.0,880.0,1220.0,250.0,2710.0,1142.0,740.57,1450.59,1195.66,2.2681005001068115
1650.0,880.0,1220.0,250.0,2710.0,1142.0,680.15,1870.35,1185.3,2.2806756496429443
1650.0,880.0,1220.0,250.0,2710.0,1142.0,922.25,1422.11,1155.75,2.2841432094573975
1650.0,880.0,1220.0,250.0,2710.0,1142.0,706.57,1816.66,1190.61,2.284421682357788
1650.0,880.0,1220.0,250.0,2710.0,1142.0,661.47,1877.18,1207.69,2.2872769832611084
1650.0,880.0,1220.0,250.0,2710.0,1142.0,838.38,1389.62,1210.32,2.290282964706421
1650.0,880.0,1220.0,250.0,2710.0,1142.0,779.62,1685.53,1201.9,2.2950284481048584
1650.0,880.0,1220.0,250.0,2710.0,1142.0,918.43,1503.76,1187.9,2.3040692806243896
1670.0,-880.0,1205.0,135.0,-2120.0,1082.0,590.42,-1611.63,1146.05,2.2727115154266357
1670.0,-880.0,1205.0,135.0,-2120.0,1082.0,426.6,-1092.77,1147.22,2.2764041423797607
1670.0,-880.0,1205.0,135.0,-2120.0,1082.0,805.79,-1773.96,1117.37,2.2911221981048584
1670.0,-880.0,1205.0,135.0,-2120.0,1082.0,769.17,-1670.62,1155.84,2.3086917400360107
1670.0,-880.0,1205.0,135.0,-2120.0,1082.0,772.17,-1476.92,1144.87,2.3177945613861084
1670.0,-880.0,1205.0,135.0,-2120.0,1082.0,771.53,-1575.87,1161.97,2.3187386989593506
1670.0,-880.0,1205.0,135.0,-2120.0,1082.0,697.28,-1454.3,1179.88,2.3203208446502686
1670.0,-880.0,1205.0,135.0,-2120.0,1082.0,725.62,-1353.29,1155.54,2.3217055797576904
1670.0,-880.0,1205.0,135.0,-2120.0,1082.0,792.08,-1572.8,1169.18,2.3259856700897217
1670.0,-880.0,1205.0,135.0,-2120.0,1082.0,903.1,-1811.81,1160.84,2.327897787094116
1650.0,880.0,1220.0,537.5,2647.5,1142.0,859.82,1707.29,1208.41,2.2205140590667725
1650.0,880.0,1220.0,537.5,2647.5,1142.0,881.18,1827.35,1189.62,2.2242867946624756
1650.0,880.0,1220.0,537.5,2647.5,1142.0,894.71,1786.33,1196.48,2.227109670639038
1650.0,880.0,1220.0,537.5,2647.5,1142.0,889.77,1875.6,1192.64,2.2308309078216553
1650.0,880.0,1220.0,537.5,2647.5,1142.0,972.36,1570.29,1202.93,2.2308499813079834
1650.0,880.0,1220.0,537.5,2647.5,1142.0,1057.67,1293.83,1216.35,2.234668493270874
1650.0,880.0,1220.0,537.5,2647.5,1142.0,1039.82,1634.51,1203.05,2.2488458156585693
1650.0,880.0,1220.0,537.5,2647.5,1142.0,1127.98,1461.98,1196.99,2.2513368129730225
1650.0,880.0,1220.0,537.5,2647.5,1142.0,1052.02,1834.08,1173.79,2.251495122909546
1650.0,880.0,1220.0,537.5,2647.5,1142.0,1049.65,1787.68,1196.75,2.2585694789886475
1670.0,-880.0,1205.0,375.0,-2120.0,1082.0,647.3,-1642.18,1163.44,2.213367223739624
1670.0,-880.0,1205.0,375.0,-2120.0,1082.0,905.6,-1638.87,1127.1,2.248568296432495
1670.0,-880.0,1205.0,375.0,-2120.0,1082.0,896.41,-1846.52,1169.34,2.251828908920288
1670.0,-880.0,1205.0,375.0,-2120.0,1082.0,841.27,-1595.91,1168.48,2.2575223445892334
1670.0,-880.0,1205.0,375.0,-2120.0,1082.0,980.26,-1804.5,1150.56,2.262608289718628
1670.0,-880.0,1205.0,375.0,-2120.0,1082.0,975.76,-1782.91,1164.96,2.269916296005249
1670.0,-880.0,1205.0,375.0,-2120.0,1082.0,901.32,-1525.16,1160.21,2.2707250118255615
1670.0,-880.0,1205.0,375.0,-2120.0,1082.0,1021.69,-1594.84,1123.92,2.2730472087860107
1670.0,-880.0,1205.0,375.0,-2120.0,1082.0,780.53,-1285.17,1195.23,2.2795159816741943
1670.0,-880.0,1205.0,375.0,-2120.0,1082.0,1099.98,-1748.62,1149.45,2.289863348007202
1650.0,880.0,1220.0,775.0,2647.5,1142.0,929.23,1527.71,1184.96,2.1349141597747803
1650.0,880.0,1220.0,775.0,2647.5,1142.0,1087.72,1343.23,1178.24,2.1507108211517334
1650.0,880.0,1220.0,775.0,2647.5,1142.0,954.42,1590.96,1200.35,2.1519601345062256
1650.0,880.0,1220.0,775.0,2647.5,1142.0,1012.17,1696.63,1163.56,2.1534154415130615
1650.0,880.0,1220.0,775.0,2647.5,1142.0,1109.8,1419.11,1194.27,2.167836904525757
1650.0,880.0,1220.0,775.0,2647.5,1142.0,1148.88,1439.2,1181.74,2.1711976528167725
1650.0,880.0,1220.0,775.0,2647.5,1142.0,1206.35,1424.75,1181.3,2.1817128658294678
1650.0,880.0,1220.0,775.0,2647.5,1142.0,1042.53,1739.38,1205.54,2.1819398403167725
1650.0,880.0,1220.0,775.0,2647.5,1142.0,1179.79,1490.72,1184.44,2.1822125911712646
1650.0,880.0,1220.0,775.0,2647.5,1142.0,1128.3,1822.15,1174.35,2.1906182765960693
1670.0,-880.0,1205.0,825.0,-2120.0,1082.0,1136.0,-1831.0,1142.42,2.1445558071136475
1670.0,-880.0,1205.0,825.0,-2120.0,1082.0,1119.16,-1873.45,1185.01,2.1578900814056396
1670.0,-880.0,1205.0,825.0,-2120.0,1082.0,1069.43,-1597.42,1172.03,2.1610772609710693
1670.0,-880.0,1205.0,825.0,-2120.0,1082.0,1216.17,-1697.9,1133.94,2.165748357772827
1670.0,-880.0,1205.0,825.0,-2120.0,1082.0,1076.01,-1572.42,1178.33,2.1667897701263428
1670.0,-880.0,1205.0,825.0,-2120.0,1082.0,1054.05,-1512.57,1183.8,2.169431447982788
1670.0,-880.0,1205.0,825.0,-2120.0,1082.0,1151.21,-1701.29,1172.57,2.170499563217163
1670.0,-880.0,1205.0,825.0,-2120.0,1082.0,1130.68,-1531.79,1166.18,2.1749799251556396
1670.0,-880.0,1205.0,825.0,-2120.0,1082.0,1216.97,-1823.36,1177.51,2.1773698329925537
1670.0,-880.0,1205.0,825.0,-2120.0,1082.0,1178.69,-1435.68,1139.85,2.179237127304077
1650.0,880.0,1220.0,1012.5,2647.5,1142.0,1117.31,1345.09,1196.98,2.0895087718963623
1650.0,880.0,1220.0,1012.5,2647.5,1142.0,1273.65,1463.45,1186.76,2.124302625656128
1650.0,880.0,1220.0,1012.5,2647.5,1142.0,1225.24,1610.93,1186.3,2.125269651412964
1650.0,880.0,1220.0,1012.5,2647.5,1142.0,1228.27,1602.55,1191.38,2.1267011165618896
1650.0,880.0,1220.0,1012.5,2647.5,1142.0,1324.22,1482.35,1174.76,2.130263090133667
1650.0,880.0,1220.0,1012.5,2647.5,1142.0,1104.95,2008.76,1200.85,2.1350820064544678
1650.0,880.0,1220.0,1012.5,2647.5,1142.0,1168.83,1873.52,1195.23,2.1363141536712646
1650.0,880.0,1220.0,1012.5,2647.5,1142.0,1221.99,1811.43,1187.28,2.1385629177093506
1650.0,880.0,1220.0,1012.5,2647.5,1142.0,1322.06,1461.5,1199.17,2.139744520187378
1650.0,880.0,1220.0,1012.5,2647.5,1142.0,1302.89,1534.62,1200.04,2.1411893367767334
1670.0,-880.0,1205.0,1065.0,-2120.0,1082.0,1235.55,-1657.44,1170.04,2.112718343734741
1670.0,-880.0,1205.0,1065.0,-2120.0,1082.0,1212.34,-1276.56,1130.66,2.116330862045288
1670.0,-880.0,1205.0,1065.0,-2120.0,1082.0,1346.44,-1523.18,1112.2,2.1174275875091553
1670.0,-880.0,1205.0,1065.0,-2120.0,1082.0,1293.51,-1629.18,1154.4,2.1187970638275146
1670.0,-880.0,1205.0,1065.0,-2120.0,1082.0,1320.43,-1693.24,1165.32,2.124925374984741
1670.0,-880.0,1205.0,1065.0,-2120.0,1082.0,1198.47,-1376.38,1172.02,2.1256463527679443
1670.0,-880.0,1205.0,1065.0,-2120.0,1082.0,1373.91,-1706.29,1162.79,2.1333062648773193
1670.0,-880.0,1205.0,1065.0,-2120.0,1082.0,1336.49,-1883.99,1213.31,2.136810064315796
1670.0,-880.0,1205.0,1065.0,-2120.0,1082.0,1377.65,-1664.31,1166.31,2.138618230819702
1670.0,-880.0,1205.0,1065.0,-2120.0,1082.0,1292.97,-1513.01,1182.46,2.1400296688079834
1650.0,880.0,1220.0,250.0,2478.5,1142.0,513.04,1623.57,1191.77,2.2189157009124756
1650.0,880.0,1220.0,250.0,2478.5,1142.0,672.26,1387.19,1198.82,2.2375619411468506
1650.0,880.0,1220.0,250.0,2478.5,1142.0,778.19,1420.09,1204.95,2.26334547996521
1650.0,880.0,1220.0,250.0,2478.5,1142.0,655.46,1967.46,1193.46,2.2722718715667725
1650.0,880.0,1220.0,250.0,2478.5,1142.0,751.62,1703.11,1197.18,2.274686574935913
1650.0,880.0,1220.0,250.0,2478.5,1142.0,858.68,1518.64,1187.12,2.2785470485687256
1650.0,880.0,1220.0,250.0,2478.5,1142.0,870.28,1596.79,1195.22,2.289754629135132
1650.0,880.0,1220.0,250.0,2478.5,1142.0,841.93,1606.88,1215.46,2.2943971157073975
1650.0,880.0,1220.0,250.0,2478.5,1142.0,904.39,1678.88,1178.97,2.294891119003296
1650.0,880.0,1220.0,250.0,2478.5,1142.0,839.26,1870.19,1183.67,2.2974793910980225
1670.0,-880.0,1205.0,135.0,-2600.0,1287.0,638.37,-1896.0,1243.3,2.2163636684417725
1670.0,-880.0,1205.0,135.0,-2600.0,1287.0,832.29,-2087.82,1252.55,2.2459847927093506
1670.0,-880.0,1205.0,135.0,-2600.0,1287.0,781.36,-1918.61,1258.22,2.2498929500579834
1670.0,-880.0,1205.0,135.0,-2600.0,1287.0,816.27,-1964.28,1264.86,2.2566850185394287
1670.0,-880.0,1205.0,135.0,-2600.0,1287.0,695.95,-1661.43,1271.16,2.2569692134857178
1670.0,-880.0,1205.0,135.0,-2600.0,1287.0,724.95,-1698.42,1271.36,2.2601430416107178
1670.0,-880.0,1205.0,135.0,-2600.0,1287.0,761.23,-1473.36,1248.21,2.272386312484741
1670.0,-880.0,1205.0,135.0,-2600.0,1287.0,733.9,-1595.25,1286.52,2.276240110397339
1670.0,-880.0,1205.0,135.0,-2600.0,1287.0,939.79,-2149.15,1287.0,2.2789247035980225
1670.0,-880.0,1205.0,135.0,-2600.0,1287.0,783.21,-1700.82,1287.56,2.2789838314056396
1650.0,880.0,1220.0,600.0,2360.0,1142.0,821.49,1283.42,1200.95,2.14221453666687
1650.0,880.0,1220.0,600.0,2360.0,1142.0,967.55,1421.23,1197.82,2.1798627376556396
1650.0,880.0,1220.0,600.0,2360.0,1142.0,1027.23,1473.26,1171.57,2.1829335689544678
1650.0,880.0,1220.0,600.0,2360.0,1142.0,985.53,1597.61,1178.46,2.1867730617523193
1650.0,880.0,1220.0,600.0,2360.0,1142.0,1014.5,1553.13,1189.26,2.193774938583374
1650.0,880.0,1220.0,600.0,2360.0,1142.0,897.23,1861.28,1205.88,2.199523687362671
1650.0,880.0,1220.0,600.0,2360.0,1142.0,1033.81,1582.77,1192.88,2.2017018795013428
1650.0,880.0,1220.0,600.0,2360.0,1142.0,1105.69,1424.41,1188.78,2.2030694484710693
1650.0,880.0,1220.0,600.0,2360.0,1142.0,1100.73,1559.39,1183.52,2.2090470790863037
1650.0,880.0,1220.0,600.0,2360.0,1142.0,1168.18,1404.58,1179.02,2.2099645137786865
1670.0,-880.0,1205.0,375.0,-2600.0,1287.0,674.37,-2184.6,1244.03,2.1273553371429443
1670.0,-880.0,1205.0,375.0,-2600.0,1287.0,448.42,-1593.22,1259.22,2.130216360092163
1670.0,-880.0,1205.0,375.0,-2600.0,1287.0,770.72,-1916.26,1261.57,2.1731088161468506
1670.0,-880.0,1205.0,375.0,-2600.0,1287.0,853.62,-2132.76,1268.43,2.1782376766204834
1670.0,-880.0,1205.0,375.0,-2600.0,1287.0,773.23,-1914.46,1298.16,2.1905782222747803
1670.0,-880.0,1205.0,375.0,-2600.0,1287.0,838.49,-1876.74,1285.65,2.2005631923675537
1670.0,-880.0,1205.0,375.0,-2600.0,1287.0,846.95,-1669.46,1253.03,2.201526403427124
1670.0,-880.0,1205.0,375.0,-2600.0,1287.0,958.01,-1841.26,1239.52,2.205514669418335
1670.0,-880.0,1205.0,375.0,-2600.0,1287.0,969.83,-1918.81,1247.53,2.2062699794769287
1670.0,-880.0,1205.0,375.0,-2600.0,1287.0,817.42,-1501.79,1261.49,2.21146559715271
1650.0,880.0,1220.0,950.0,2360.0,1142.0,1228.49,1426.02,1176.8,2.110612630844116
1650.0,880.0,1220.0,950.0,2360.0,1142.0,1283.03,1260.23,1199.8,2.1207902431488037
1650.0,880.0,1220.0,950.0,2360.0,1142.0,1317.56,1255.94,1188.03,2.1218249797821045
1650.0,880.0,1220.0,950.0,2360.0,1142.0,1245.33,1535.44,1183.52,2.124997854232788
1650.0,880.0,1220.0,950.0,2360.0,1142.0,1237.43,1487.48,1199.77,2.1273324489593506
1650.0,880.0,1220.0,950.0,2360.0,1142.0,1284.77,1408.4,1198.27,2.130417585372925
1650.0,880.0,1220.0,950.0,2360.0,1142.0,1332.29,1452.37,1171.84,2.1313302516937256
1650.0,880.0,1220.0,950.0,2360.0,1142.0,1272.19,1629.55,1183.59,2.136650800704956
1650.0,880.0,1220.0,950.0,2360.0,1142.0,1197.57,1799.28,1193.14,2.137834310531616
1650.0,880.0,1220.0,950.0,2360.0,1142.0,1174.73,1832.84,1198.95,2.138326406478882
1670.0,-880.0,1205.0,825.0,-2600.0,1287.0,1173.57,-2217.72,1237.67,2.077878713607788
1670.0,-880.0,1205.0,825.0,-2600.0,1287.0,1139.23,-2038.51,1235.39,2.082692861557007
1670.0,-880.0,1205.0,825.0,-2600.0,1287.0,995.74,-1754.34,1262.52,2.086412191390991
1670.0,-880.0,1205.0,825.0,-2600.0,1287.0,1098.77,-1878.26,1246.87,2.0910699367523193
1670.0,-880.0,1205.0,825.0,-2600.0,1287.0,1094.19,-1546.8,1228.15,2.1043756008148193
1670.0,-880.0,1205.0,825.0,-2600.0,1287.0,1178.26,-1842.23,1244.55,2.1080167293548584
1670.0,-880.0,1205.0,825.0,-2600.0,1287.0,1166.05,-1948.14,1271.85,2.1111085414886475
1670.0,-880.0,1205.0,825.0,-2600.0,1287.0,1232.59,-2016.61,1259.88,2.1141507625579834
1670.0,-880.0,1205.0,825.0,-2600.0,1287.0,1323.57,-2162.15,1245.13,2.1153275966644287
1670.0,-880.0,1205.0,825.0,-2600.0,1287.0,1280.54,-1999.35,1259.56,2.124624013900757
1650.0,880.0,1220.0,250.0,2241.5,1142.0,567.34,1431.98,1195.36,2.2037980556488037
1650.0,880.0,1220.0,250.0,2241.5,1142.0,627.96,1712.32,1169.85,2.223762273788452
1650.0,880.0,1220.0,250.0,2241.5,1142.0,844.88,1347.55,1186.37,2.24906325340271
1650.0,880.0,1220.0,250.0,2241.5,1142.0,714.81,1749.25,1194.54,2.2549264430999756
1650.0,880.0,1220.0,250.0,2241.5,1142.0,894.86,1285.43,1187.15,2.255096197128296
1650.0,880.0,1220.0,250.0,2241.5,1142.0,807.5,1481.83,1195.63,2.255368947982788
1650.0,880.0,1220.0,250.0,2241.5,1142.0,803.16,1578.51,1189.64,2.2583768367767334
1650.0,880.0,1220.0,250.0,2241.5,1142.0,780.38,1667.68,1206.59,2.268035650253296
1650.0,880.0,1220.0,250.0,2241.5,1142.0,968.17,1323.13,1183.51,2.2709195613861084
1650.0,880.0,1220.0,250.0,2241.5,1142.0,878.72,1546.2,1196.13,2.2741029262542725
1670.0,-880.0,1205.0,1065.0,-2600.0,1287.0,1284.37,-1723.74,1240.83,2.059262990951538
1670.0,-880.0,1205.0,1065.0,-2600.0,1287.0,1245.92,-1763.1,1262.93,2.0593202114105225
1670.0,-880.0,1205.0,1065.0,-2600.0,1287.0,1339.04,-2045.83,1267.85,2.060250997543335
1670.0,-880.0,1205.0,1065.0,-2600.0,1287.0,1295.38,-1739.38,1240.76,2.060577154159546
1670.0,-880.0,1205.0,1065.0,-2600.0,1287.0,1397.16,-2248.92,1276.48,2.0620572566986084
1670.0,-880.0,1205.0,1065.0,-2600.0,1287.0,1283.72,-1827.26,1272.67,2.066833257675171
1670.0,-880.0,1205.0,1065.0,-2600.0,1287.0,1399.07,-1906.36,1237.61,2.06815505027771
1670.0,-880.0,1205.0,1065.0,-2600.0,1287.0,1365.39,-1785.65,1235.75,2.068925619125366
1670.0,-880.0,1205.0,1065.0,-2600.0,1287.0,1350.26,-1731.04,1237.78,2.0707433223724365
1670.0,-880.0,1205.0,1065.0,-2600.0,1287.0,1262.33,-1587.17,1255.25,2.0714147090911865
1650.0,880.0,1220.0,250.0,2010.0,1142.0,601.18,1489.11,1196.1,2.20072340965271
1650.0,880.0,1220.0,250.0,2010.0,1142.0,627.9,1482.67,1189.05,2.202352285385132
1650.0,880.0,1220.0,250.0,2010.0,1142.0,725.51,1291.24,1194.38,2.210862874984741
1650.0,880.0,1220.0,250.0,2010.0,1142.0,805.62,1330.76,1197.4,2.2310941219329834
1650.0,880.0,1220.0,250.0,2010.0,1142.0,818.82,1410.0,1189.37,2.2357118129730225
1650.0,880.0,1220.0,250.0,2010.0,1142.0,754.47,1452.7,1212.41,2.236409902572632
1650.0,880.0,1220.0,250.0,2010.0,1142.0,910.38,1233.5,1190.59,2.241950750350952
1650.0,880.0,1220.0,250.0,2010.0,1142.0,966.4,1258.63,1172.56,2.2468507289886475
1650.0,880.0,1220.0,250.0,2010.0,1142.0,922.71,1229.63,1203.07,2.2503488063812256
1650.0,880.0,1220.0,250.0,2010.0,1142.0,861.25,1436.1,1199.21,2.2505147457122803
1670.0,-880.0,1205.0,210.0,-2285.0,1287.0,625.85,-1634.12,1250.41,2.2307403087615967
1670.0,-880.0,1205.0,210.0,-2285.0,1287.0,747.12,-1611.64,1238.36,2.2508227825164795
1670.0,-880.0,1205.0,210.0,-2285.0,1287.0,795.12,-1804.59,1254.27,2.254204511642456
1670.0,-880.0,1205.0,210.0,-2285.0,1287.0,682.29,-1521.59,1265.42,2.256507635116577
1670.0,-880.0,1205.0,210.0,-2285.0,1287.0,763.86,-1739.12,1268.47,2.259275197982788
1670.0,-880.0,1205.0,210.0,-2285.0,1287.0,751.3,-1580.94,1253.82,2.2611091136932373
1670.0,-880.0,1205.0,210.0,-2285.0,1287.0,663.6,-1291.04,1252.61,2.2629964351654053
1670.0,-880.0,1205.0,210.0,-2285.0,1287.0,828.15,-1659.38,1253.65,2.2704780101776123
1670.0,-880.0,1205.0,210.0,-2285.0,1287.0,868.6,-1622.2,1250.71,2.280027151107788
1670.0,-880.0,1205.0,210.0,-2285.0,1287.0,878.38,-1725.57,1268.55,2.2830865383148193
1650.0,880.0,1220.0,537.5,2072.5,1142.0,787.22,1396.82,1183.67,2.137882947921753
1650.0,880.0,1220.0,537.5,2072.5,1142.0,817.3,1495.24,1192.97,2.1550490856170654
1650.0,880.0,1220.0,537.5,2072.5,1142.0,930.41,1402.52,1181.31,2.165571928024292
1650.0,880.0,1220.0,537.5,2072.5,1142.0,897.38,1419.5,1212.27,2.1744649410247803
1650.0,880.0,1220.0,537.5,2072.5,1142.0,994.44,1250.38,1200.7,2.1768949031829834
1650.0,880.0,1220.0,537.5,2072.5,1142.0,911.41,1586.05,1196.47,2.1820056438446045
1650.0,880.0,1220.0,537.5,2072.5,1142.0,965.68,1605.05,1171.32,2.182138204574585
1650.0,880.0,1220.0,537.5,2072.5,1142.0,915.99,1691.93,1186.36,2.185408353805542
1650.0,880.0,1220.0,537.5,2072.5,1142.0,1058.59,1336.84,1185.2,2.188504934310913
1650.0,880.0,1220.0,537.5,2072.5,1142.0,1136.9,1305.72,1173.88,2.196932554244995
1670.0,-880.0,1205.0,600.0,-2285.0,1287.0,1116.81,-1988.15,1238.44,2.174070119857788
1670.0,-880.0,1205.0,600.0,-2285.0,1287.0,1013.3,-1565.52,1230.83,2.179185628890991
1670.0,-880.0,1205.0,600.0,-2285.0,1287.0,870.99,-1332.65,1260.82,2.1805951595306396
1670.0,-880.0,1205.0,600.0,-2285.0,1287.0,1017.05,-1597.31,1259.34,2.1905858516693115
1670.0,-880.0,1205.0,600.0,-2285.0,1287.0,1006.91,-1575.97,1261.94,2.1915833950042725
1670.0,-880.0,1205.0,600.0,-2285.0,1287.0,1101.66,-1765.65,1274.08,2.2028329372406006
1670.0,-880.0,1205.0,600.0,-2285.0,1287.0,1150.05,-1640.19,1236.62,2.2039945125579834
1670.0,-880.0,1205.0,600.0,-2285.0,1287.0,1160.64,-1665.32,1236.11,2.204131841659546
1670.0,-880.0,1205.0,600.0,-2285.0,1287.0,1087.07,-1659.42,1270.8,2.2057626247406006
1670.0,-880.0,1205.0,600.0,-2285.0,1287.0,1076.8,-1571.75,1267.5,2.208493947982788
1650.0,880.0,1220.0,775.0,2072.5,1142.0,1014.01,1382.24,1195.34,2.1116912364959717
1650.0,880.0,1220.0,775.0,2072.5,1142.0,1045.12,1482.31,1174.91,2.115257978439331
1650.0,880.0,1220.0,775.0,2072.5,1142.0,1122.74,1285.04,1174.26,2.1169869899749756
1650.0,880.0,1220.0,775.0,2072.5,1142.0,1066.39,1333.41,1198.35,2.1199491024017334
1650.0,880.0,1220.0,775.0,2072.5,1142.0,1103.74,1357.28,1190.59,2.1257741451263428
1650.0,880.0,1220.0,775.0,2072.5,1142.0,1104.39,1597.37,1169.41,2.1329896450042725
1650.0,880.0,1220.0,775.0,2072.5,1142.0,1143.47,1279.67,1204.69,2.1350715160369873
1650.0,880.0,1220.0,775.0,2072.5,1142.0,1168.08,1310.71,1203.28,2.1411969661712646
1650.0,880.0,1220.0,775.0,2072.5,1142.0,1051.41,1795.64,1190.65,2.1458747386932373
1650.0,880.0,1220.0,775.0,2072.5,1142.0,1144.36,1568.27,1190.11,2.1483962535858154
1670.0,-880.0,1205.0,990.0,-2285.0,1287.0,1210.88,-2085.47,1269.95,2.0762593746185303
1670.0,-880.0,1205.0,990.0,-2285.0,1287.0,1212.24,-1787.07,1274.79,2.0993402004241943
1670.0,-880.0,1205.0,990.0,-2285.0,1287.0,1194.37,-1659.77,1270.04,2.102548360824585
1670.0,-880.0,1205.0,990.0,-2285.0,1287.0,1297.8,-1617.93,1241.22,2.1127336025238037
1670.0,-880.0,1205.0,990.0,-2285.0,1287.0,1224.01,-1490.4,1255.91,2.1135175228118896
1670.0,-880.0,1205.0,990.0,-2285.0,1287.0,1235.96,-1414.17,1242.31,2.1152265071868896
1670.0,-880.0,1205.0,990.0,-2285.0,1287.0,1233.84,-1494.54,1266.48,2.120197057723999
1670.0,-880.0,1205.0,990.0,-2285.0,1287.0,1205.34,-1388.54,1269.71,2.123267889022827
1670.0,-880.0,1205.0,990.0,-2285.0,1287.0,1269.31,-1416.6,1250.4,2.1251027584075928
1670.0,-880.0,1205.0,990.0,-2285.0,1287.0,1329.39,-1656.59,1261.98,2.1258866786956787
1650.0,880.0,1220.0,1012.5,2072.5,1142.0,1199.41,1404.57,1186.85,2.070664167404175
1650.0,880.0,1220.0,1012.5,2072.5,1142.0,1251.26,1477.12,1185.31,2.0849931240081787
1650.0,880.0,1220.0,1012.5,2072.5,1142.0,1276.7,1422.8,1192.77,2.0900285243988037
1650.0,880.0,1220.0,1012.5,2072.5,1142.0,1322.86,1266.68,1197.88,2.0907723903656006
1650.0,880.0,1220.0,1012.5,2072.5,1142.0,1308.7,1371.79,1191.24,2.0921456813812256
1650.0,880.0,1220.0,1012.5,2072.5,1142.0,1329.25,1407.57,1178.99,2.0931241512298584
1650.0,880.0,1220.0,1012.5,2072.5,1142.0,1363.66,1369.88,1171.19,2.0934817790985107
1650.0,880.0,1220.0,1012.5,2072.5,1142.0,1340.39,1464.77,1171.11,2.0954291820526123
1650.0,880.0,1220.0,1012.5,2072.5,1142.0,1300.82,1486.84,1184.62,2.095721960067749
1650.0,880.0,1220.0,1012.5,2072.5,1142.0,1293.43,1493.99,1187.86,2.095773458480835
1670.0,-880.0,1205.0,210.0,-2045.0,1287.0,740.06,-1538.79,1228.41,2.26434588432312
1670.0,-880.0,1205.0,210.0,-2045.0,1287.0,792.94,-1690.7,1263.39,2.28080153465271
1670.0,-880.0,1205.0,210.0,-2045.0,1287.0,730.44,-1485.84,1264.13,2.2826592922210693
1670.0,-880.0,1205.0,210.0,-2045.0,1287.0,691.65,-1395.02,1279.48,2.2882440090179443
1670.0,-880.0,1205.0,210.0,-2045.0,1287.0,798.45,-1581.58,1272.88,2.2935235500335693
1670.0,-880.0,1205.0,210.0,-2045.0,1287.0,805.01,-1531.3,1263.32,2.2941930294036865
1670.0,-880.0,1205.0,210.0,-2045.0,1287.0,802.36,-1455.79,1270.62,2.302062749862671
1670.0,-880.0,1205.0,210.0,-2045.0,1287.0,858.42,-1488.7,1256.59,2.304401159286499
1670.0,-880.0,1205.0,210.0,-2045.0,1287.0,952.64,-1768.61,1270.14,2.310143232345581
1670.0,-880.0,1205.0,210.0,-2045.0,1287.0,910.5,-1665.01,1273.52,2.310753583908081
1650.0,880.0,1220.0,187.5,2647.5,1362.0,683.54,1428.76,1285.0,2.2464444637298584
1650.0,880.0,1220.0,187.5,2647.5,1362.0,503.45,1893.33,1295.11,2.247281789779663
1650.0,880.0,1220.0,187.5,2647.5,1362.0,571.3,1954.07,1281.6,2.25901198387146
1650.0,880.0,1220.0,187.5,2647.5,1362.0,583.3,1937.13,1280.22,2.259652853012085
1650.0,880.0,1220.0,187.5,2647.5,1362.0,592.48,1883.97,1296.22,2.265218496322632
1650.0,880.0,1220.0,187.5,2647.5,1362.0,894.73,1402.42,1277.92,2.28348708152771
1650.0,880.0,1220.0,187.5,2647.5,1362.0,666.75,1926.28,1303.56,2.286254644393921
1650.0,880.0,1220.0,187.5,2647.5,1362.0,821.36,1346.89,1333.89,2.290574789047241
1650.0,880.0,1220.0,187.5,2647.5,1362.0,823.88,1686.38,1282.83,2.2913777828216553
1650.0,880.0,1220.0,187.5,2647.5,1362.0,856.76,1620.13,1290.58,2.297046422958374
1670.0,-880.0,1205.0,600.0,-2045.0,1287.0,938.61,-1589.83,1244.42,2.1832988262176514
1670.0,-880.0,1205.0,600.0,-2045.0,1287.0,1027.1,-1841.11,1274.14,2.19748854637146
1670.0,-880.0,1205.0,600.0,-2045.0,1287.0,993.22,-1721.15,1273.19,2.1985223293304443
1670.0,-880.0,1205.0,600.0,-2045.0,1287.0,1028.87,-1685.61,1258.52,2.201214551925659
1670.0,-880.0,1205.0,600.0,-2045.0,1287.0,963.5,-1409.24,1246.71,2.202033758163452
1670.0,-880.0,1205.0,600.0,-2045.0,1287.0,1049.61,-1729.69,1263.14,2.204355001449585
1670.0,-880.0,1205.0,600.0,-2045.0,1287.0,917.72,-1350.33,1267.69,2.206855535507202
1670.0,-880.0,1205.0,600.0,-2045.0,1287.0,1013.64,-1569.1,1267.07,2.210097074508667
1670.0,-880.0,1205.0,600.0,-2045.0,1287.0,998.62,-1344.29,1241.54,2.2110841274261475
1670.0,-880.0,1205.0,600.0,-2045.0,1287.0,1011.22,-1529.54,1266.66,2.212324857711792
1650.0,880.0,1220.0,425.0,2647.5,1362.0,882.92,1514.04,1289.6,2.2188069820404053
1650.0,880.0,1220.0,425.0,2647.5,1362.0,878.76,1581.46,1290.19,2.22275710105896
1650.0,880.0,1220.0,425.0,2647.5,1362.0,865.02,1422.02,1325.12,2.224393606185913
1650.0,880.0,1220.0,425.0,2647.5,1362.0,842.66,1501.12,1322.39,2.224576711654663
1650.0,880.0,1220.0,425.0,2647.5,1362.0,828.19,1674.31,1311.3,2.2287843227386475
1650.0,880.0,1220.0,425.0,2647.5,1362.0,848.45,1872.98,1299.14,2.241088628768921
1650.0,880.0,1220.0,425.0,2647.5,1362.0,831.89,1956.53,1305.98,2.2473714351654053
1650.0,880.0,1220.0,425.0,2647.5,1362.0,982.11,1441.45,1327.38,2.2505509853363037
1650.0,880.0,1220.0,425.0,2647.5,1362.0,1047.15,1564.57,1283.06,2.2519872188568115
1650.0,880.0,1220.0,425.0,2647.5,1362.0,925.41,1791.63,1325.59,2.2630536556243896
1670.0,-880.0,1205.0,990.0,-2045.0,1287.0,1261.92,-1577.69,1235.46,2.1202199459075928
1670.0,-880.0,1205.0,990.0,-2045.0,1287.0,1295.72,-1648.82,1233.4,2.121274709701538
1670.0,-880.0,1205.0,990.0,-2045.0,1287.0,1252.64,-1492.33,1243.19,2.1277997493743896
1670.0,-880.0,1205.0,990.0,-2045.0,1287.0,1317.66,-1577.63,1231.38,2.1294095516204834
1670.0,-880.0,1205.0,990.0,-2045.0,1287.0,1247.22,-1552.81,1257.82,2.1294705867767334
1670.0,-880.0,1205.0,990.0,-2045.0,1287.0,1249.72,-1488.15,1249.52,2.1305177211761475
1670.0,-880.0,1205.0,990.0,-2045.0,1287.0,1359.28,-1654.46,1232.78,2.133439779281616
1670.0,-880.0,1205.0,990.0,-2045.0,1287.0,1236.6,-1476.37,1269.85,2.137988805770874
1670.0,-880.0,1205.0,990.0,-2045.0,1287.0,1303.53,-1477.22,1242.34,2.1386430263519287
1670.0,-880.0,1205.0,990.0,-2045.0,1287.0,1278.38,-1479.54,1259.25,2.1414639949798584
1650.0,880.0,1220.0,662.5,2647.5,1362.0,778.29,1728.38,1352.65,2.1660172939300537
1650.0,880.0,1220.0,662.5,2647.5,1362.0,1057.18,1477.23,1273.82,2.16782546043396
1650.0,880.0,1220.0,662.5,2647.5,1362.0,939.81,1896.47,1309.48,2.19004225730896
1650.0,880.0,1220.0,662.5,2647.5,1362.0,1045.72,1984.3,1285.17,2.2059590816497803
1650.0,880.0,1220.0,662.5,2647.5,1362.0,1113.01,1684.88,1319.0,2.2138917446136475
1650.0,880.0,1220.0,662.5,2647.5,1362.0,1090.18,1819.6,1310.2,2.215104818344116
1650.0,880.0,1220.0,662.5,2647.5,1362.0,1057.52,1837.55,1323.92,2.2156598567962646
1650.0,880.0,1220.0,662.5,2647.5,1362.0,1094.36,1965.52,1291.66,2.2173173427581787
1650.0,880.0,1220.0,662.5,2647.5,1362.0,1123.25,1779.6,1324.01,2.2250707149505615
1650.0,880.0,1220.0,662.5,2647.5,1362.0,1177.2,1728.06,1314.77,2.2276666164398193
1650.0,880.0,1220.0,950.0,2710.0,1362.0,1283.31,960.05,1318.95,2.1096036434173584
1650.0,880.0,1220.0,950.0,2710.0,1362.0,1175.19,1669.82,1292.82,2.125375509262085
1650.0,880.0,1220.0,950.0,2710.0,1362.0,1145.39,1638.8,1311.94,2.126024007797241
1650.0,880.0,1220.0,950.0,2710.0,1362.0,1218.17,1584.0,1292.44,2.1281888484954834
1650.0,880.0,1220.0,950.0,2710.0,1362.0,1112.74,1795.32,1312.73,2.131488561630249
1650.0,880.0,1220.0,950.0,2710.0,1362.0,1206.49,1689.58,1312.75,2.1421773433685303
1650.0,880.0,1220.0,950.0,2710.0,1362.0,1278.01,1739.03,1278.36,2.143941640853882
1650.0,880.0,1220.0,950.0,2710.0,1362.0,1139.97,1838.43,1327.12,2.146268606185913
1650.0,880.0,1220.0,950.0,2710.0,1362.0,1224.44,1655.78,1319.54,2.1468751430511475
1650.0,880.0,1220.0,950.0,2710.0,1362.0,1222.51,1977.81,1282.0,2.1512296199798584
1650.0,880.0,1220.0,250.0,2360.0,1362.0,551.69,1809.26,1303.08,2.2174394130706787
1650.0,880.0,1220.0,250.0,2360.0,1362.0,692.46,1521.91,1321.9,2.2343366146087646
1650.0,880.0,1220.0,250.0,2360.0,1362.0,777.86,1438.67,1308.72,2.2394654750823975
1650.0,880.0,1220.0,250.0,2360.0,1362.0,775.05,1705.5,1307.99,2.256894826889038
1650.0,880.0,1220.0,250.0,2360.0,1362.0,844.03,1660.29,1304.23,2.265744924545288
1650.0,880.0,1220.0,250.0,2360.0,1362.0,932.47,1641.53,1274.17,2.2684991359710693
1650.0,880.0,1220.0,250.0,2360.0,1362.0,886.02,1788.19,1300.91,2.281572103500366
1650.0,880.0,1220.0,250.0,2360.0,1362.0,932.22,1659.44,1301.54,2.282491445541382
1650.0,880.0,1220.0,250.0,2360.0,1362.0,838.46,1674.8,1353.63,2.2885777950286865
1650.0,880.0,1220.0,250.0,2360.0,1362.0,831.97,1932.0,1319.46,2.2895543575286865
1650.0,880.0,1220.0,600.0,2360.0,1362.0,964.93,1554.96,1282.33,2.16092848777771
1650.0,880.0,1220.0,600.0,2360.0,1362.0,975.48,1372.95,1309.43,2.1627862453460693
1650.0,880.0,1220.0,600.0,2360.0,1362.0,942.44,1561.45,1305.78,2.1678082942962646
1650.0,880.0,1220.0,600.0,2360.0,1362.0,959.3,1764.94,1294.77,2.1803605556488037
1650.0,880.0,1220.0,600.0,2360.0,1362.0,1004.36,1575.21,1311.28,2.1836698055267334
1650.0,880.0,1220.0,600.0,2360.0,1362.0,1085.57,1425.32,1308.96,2.1885793209075928
1650.0,880.0,1220.0,600.0,2360.0,1362.0,1163.97,1617.87,1248.4,2.1892316341400146
1650.0,880.0,1220.0,600.0,2360.0,1362.0,1013.66,1578.88,1318.44,2.1893231868743896
1650.0,880.0,1220.0,600.0,2360.0,1362.0,970.19,1724.78,1321.1,2.191831350326538
1650.0,880.0,1220.0,600.0,2360.0,1362.0,1312.29,1222.32,1261.3,2.197599172592163
1650.0,880.0,1220.0,950.0,2478.5,1362.0,1105.63,1640.43,1304.81,2.101430654525757
1650.0,880.0,1220.0,950.0,2478.5,1362.0,1137.45,1682.71,1292.35,2.1045053005218506
1650.0,880.0,1220.0,950.0,2478.5,1362.0,1194.46,1544.09,1291.72,2.105762243270874
1650.0,880.0,1220.0,950.0,2478.5,1362.0,1234.27,1406.34,1297.67,2.1071736812591553
1650.0,880.0,1220.0,950.0,2478.5,1362.0,1242.81,1604.02,1270.71,2.109792470932007
1650.0,880.0,1220.0,950.0,2478.5,1362.0,1181.85,1442.02,1344.78,2.1209399700164795
1650.0,880.0,1220.0,950.0,2478.5,1362.0,1147.87,1798.35,1305.9,2.120979070663452
1650.0,880.0,1220.0,950.0,2478.5,1362.0,1280.1,1628.62,1274.55,2.1210248470306396
1650.0,880.0,1220.0,950.0,2478.5,1362.0,1258.92,1525.63,1315.26,2.1284310817718506
1650.0,880.0,1220.0,950.0,2478.5,1362.0,1239.5,1647.28,1306.9,2.1294267177581787
1650.0,880.0,1220.0,187.5,2072.5,1362.0,538.83,1475.19,1302.61,2.1937921047210693
1650.0,880.0,1220.0,187.5,2072.5,1362.0,592.27,1456.41,1315.23,2.2090299129486084
1650.0,880.0,1220.0,187.5,2072.5,1362.0,670.91,1600.66,1296.59,2.226133108139038
1650.0,880.0,1220.0,187.5,2072.5,1362.0,783.99,1302.89,1299.02,2.229238271713257
1650.0,880.0,1220.0,187.5,2072.5,1362.0,691.01,1491.94,1311.38,2.2295644283294678
1650.0,880.0,1220.0,187.5,2072.5,1362.0,689.78,1472.0,1329.22,2.235990285873413
1650.0,880.0,1220.0,187.5,2072.5,1362.0,830.52,1456.88,1285.52,2.242652654647827
1650.0,880.0,1220.0,187.5,2072.5,1362.0,636.39,1734.03,1343.24,2.250404119491577
1650.0,880.0,1220.0,187.5,2072.5,1362.0,872.25,1549.63,1271.12,2.2511098384857178
1650.0,880.0,1220.0,187.5,2072.5,1362.0,862.04,1456.41,1294.67,2.253364324569702
1650.0,880.0,1220.0,425.0,2072.5,1362.0,690.77,1456.34,1320.85,2.1554086208343506
1650.0,880.0,1220.0,425.0,2072.5,1362.0,720.77,1667.07,1277.2,2.156259298324585
1650.0,880.0,1220.0,425.0,2072.5,1362.0,768.89,1433.16,1293.98,2.1569974422454834
1650.0,880.0,1220.0,425.0,2072.5,1362.0,880.17,1313.6,1295.07,2.171537160873413
1650.0,880.0,1220.0,425.0,2072.5,1362.0,842.29,1627.62,1282.77,2.180328130722046
1650.0,880.0,1220.0,425.0,2072.5,1362.0,813.82,1623.34,1326.99,2.1947476863861084
1650.0,880.0,1220.0,425.0,2072.5,1362.0,937.0,1463.53,1302.58,2.196838140487671
1650.0,880.0,1220.0,425.0,2072.5,1362.0,940.62,1392.26,1312.19,2.196979284286499
1650.0,880.0,1220.0,425.0,2072.5,1362.0,996.82,1248.33,1340.82,2.211517095565796
1650.0,880.0,1220.0,425.0,2072.5,1362.0,949.78,1732.76,1293.08,2.2136685848236084
1650.0,880.0,1220.0,662.5,2072.5,1362.0,890.16,1192.08,1297.99,2.0908725261688232
1650.0,880.0,1220.0,662.5,2072.5,1362.0,926.05,1343.57,1260.36,2.0909554958343506
1650.0,880.0,1220.0,662.5,2072.5,1362.0,933.44,1538.3,1290.49,2.1202218532562256
1650.0,880.0,1220.0,662.5,2072.5,1362.0,1039.06,1484.06,1278.63,2.1320102214813232
1650.0,880.0,1220.0,662.5,2072.5,1362.0,1048.89,1460.76,1278.84,2.1320855617523193
1650.0,880.0,1220.0,662.5,2072.5,1362.0,941.85,1477.27,1328.51,2.1351535320281982
1650.0,880.0,1220.0,662.5,2072.5,1362.0,963.97,1621.37,1301.3,2.1366536617279053
1650.0,880.0,1220.0,662.5,2072.5,1362.0,961.33,1444.35,1333.27,2.138770818710327
1650.0,880.0,1220.0,662.5,2072.5,1362.0,1048.93,1561.15,1281.93,2.1411445140838623
1650.0,880.0,1220.0,662.5,2072.5,1362.0,1064.8,1480.9,1289.72,2.141920804977417
1650.0,880.0,1220.0,950.0,2241.5,1362.0,1177.55,1331.21,1301.09,2.0779006481170654
1650.0,880.0,1220.0,950.0,2241.5,1362.0,1232.48,1544.14,1283.18,2.0952565670013428
1650.0,880.0,1220.0,950.0,2241.5,1362.0,1178.04,1380.82,1333.67,2.0962884426116943
1650.0,880.0,1220.0,950.0,2241.5,1362.0,1172.9,1360.75,1341.26,2.097445249557495
1650.0,880.0,1220.0,950.0,2241.5,1362.0,1271.56,1176.1,1332.16,2.100029706954956
1650.0,880.0,1220.0,950.0,2241.5,1362.0,1282.53,1337.55,1304.6,2.1008565425872803
1650.0,880.0,1220.0,950.0,2241.5,1362.0,1214.5,1441.47,1326.28,2.1043479442596436
1650.0,880.0,1220.0,950.0,2241.5,1362.0,1253.54,1339.7,1341.75,2.11222243309021
1650.0,880.0,1220.0,950.0,2241.5,1362.0,1262.39,1576.63,1309.83,2.115654706954956
1650.0,880.0,1220.0,950.0,2241.5,1362.0,1277.63,1668.59,1293.7,2.117725133895874
1650.0,880.0,1220.0,950.0,2010.0,1362.0,1222.27,1360.96,1285.76,2.067298650741577
1650.0,880.0,1220.0,950.0,2010.0,1362.0,1132.07,1497.23,1310.25,2.070546865463257
1650.0,880.0,1220.0,950.0,2010.0,1362.0,1209.38,1268.07,1330.28,2.0787675380706787
1650.0,880.0,1220.0,950.0,2010.0,1362.0,1146.22,1396.82,1343.0,2.0815093517303467
1650.0,880.0,1220.0,950.0,2010.0,1362.0,1253.85,1539.16,1280.7,2.0836799144744873
1650.0,880.0,1220.0,950.0,2010.0,1362.0,1279.73,1503.98,1274.34,2.0838229656219482
1650.0,880.0,1220.0,950.0,2010.0,1362.0,1224.42,1437.54,1313.54,2.086102247238159
1650.0,880.0,1220.0,950.0,2010.0,1362.0,1248.94,1344.31,1321.47,2.0881564617156982
1650.0,880.0,1220.0,950.0,2010.0,1362.0,1255.2,1388.05,1318.17,2.091212034225464
1650.0,880.0,1220.0,950.0,2010.0,1362.0,1290.88,1208.69,1332.29,2.0926406383514404
